"Date","Price","Open","High","Low","Vol.","Change %"
"03/25/2025","65.384903","64.782997","65.642250","64.490250","","1.24%"
"03/24/2025","64.583801","65.298599","65.485703","64.458054","","-0.79%"
"03/21/2025","65.096603","65.642601","65.666451","63.946098","","-0.74%"
"03/20/2025","65.582703","64.982697","66.338150","64.597549","","1.01%"
"03/19/2025","64.929001","63.197300","65.100548","62.999149","","2.79%"
"03/18/2025","63.169399","64.424202","65.015549","62.587898","","-1.74%"
"03/17/2025","64.287697","66.006851","66.296700","64.233498","","-2.56%"
"03/14/2025","65.977898","66.663452","67.243149","65.759003","","-1.12%"
"03/13/2025","66.727600","67.453499","67.609947","64.531700","","-1.03%"
"03/12/2025","67.423897","66.211998","67.531448","66.115349","","1.88%"
"03/11/2025","66.182899","67.715752","68.710548","65.817047","","-2.22%"
"03/10/2025","67.686096","69.551147","69.551147","67.515549","","-2.38%"
"03/07/2025","69.333900","68.894150","70.793251","67.220047","","0.68%"
"03/06/2025","68.863998","70.075447","70.237953","68.793900","","-1.35%"
"03/05/2025","69.803398","69.555649","70.117302","69.032753","","0.49%"
"03/04/2025","69.462402","69.549950","69.739601","68.822952","","-0.08%"
"03/03/2025","69.519501","69.336304","69.924698","68.897949","","0.31%"
"02/28/2025","69.305901","68.103951","69.433250","67.800499","","1.81%"
"02/27/2025","68.073997","67.410950","68.563904","66.981003","","1.03%"
"02/26/2025","67.381302","67.211899","67.641548","66.262802","","0.30%"
"02/25/2025","67.182297","68.023651","68.284851","66.823799","","-1.19%"
"02/24/2025","67.993797","68.518700","69.147552","67.824997","","-0.35%"
"02/21/2025","68.230904","68.581200","69.317947","67.446251","","-0.13%"
"02/20/2025","68.317902","69.208298","69.326347","67.897247","","-0.75%"
"02/19/2025","68.832901","70.584900","70.750397","67.762100","","-2.31%"
"02/18/2025","70.460800","70.486252","71.328049","70.033501","","0.01%"
"02/17/2025","70.455597","70.133049","71.138847","69.827751","","0.50%"
"02/14/2025","70.102600","68.826897","71.163651","68.750000","","2.38%"
"02/13/2025","68.472900","72.368500","72.584450","68.359451","","-5.34%"
"02/12/2025","72.337196","74.345200","74.345200","71.675652","","-2.66%"
"02/11/2025","74.313103","74.487701","74.977249","73.501999","","-0.19%"
"02/10/2025","74.455498","74.862953","75.795601","74.436249","","-0.32%"
"02/07/2025","74.695198","74.596100","75.582550","74.380653","","0.18%"
"02/06/2025","74.563904","75.469803","75.644897","74.295403","","-1.16%"
"02/05/2025","75.437302","77.468002","77.468002","74.845100","","-2.58%"
"02/04/2025","77.434700","76.760551","77.468002","76.095398","","0.84%"
"02/03/2025","76.786301","75.972702","77.361900","75.771004","","1.11%"
"01/31/2025","75.940002","76.020599","76.332298","75.333702","","-0.06%"
"01/30/2025","75.987801","76.532501","76.532501","75.129547","","-0.67%"
"01/29/2025","76.499496","75.529953","77.014450","75.246948","","1.33%"
"01/28/2025","75.497398","75.116051","76.099602","74.834503","","0.55%"
"01/27/2025","75.083603","75.351700","75.921951","74.347847","","-0.19%"
"01/24/2025","75.227303","76.950401","76.950401","75.190399","","-2.20%"
"01/23/2025","76.917297","76.404900","77.270897","75.725151","","0.84%"
"01/22/2025","76.276299","76.630150","76.861397","73.934601","","-0.42%"
"01/21/2025","76.597198","77.841454","78.504250","76.358498","","-1.56%"
"01/20/2025","77.807999","79.046753","79.245453","77.841454","","-1.52%"
"01/17/2025","79.012802","79.087547","79.755249","78.346497","","-0.05%"
"01/16/2025","79.049301","79.077202","79.997749","78.800797","","0.06%"
"01/15/2025","79.003098","79.159348","79.795349","78.600304","","0.02%"
"01/14/2025","78.986000","79.208504","79.978447","78.013649","","-0.24%"
"01/13/2025","79.174500","78.528954","79.670303","78.202454","","0.87%"
"01/10/2025","78.495201","78.897301","79.342247","78.187302","","-0.62%"
"01/09/2025","78.981796","80.614151","80.847702","78.398247","","-1.98%"
"01/08/2025","80.579597","82.947998","82.947998","80.382652","","-2.68%"
"01/07/2025","82.795197","83.139252","83.181053","82.176903","","-0.37%"
"01/06/2025","83.103600","85.558197","85.558197","82.155052","","-2.83%"
"01/03/2025","85.521599","86.007103","86.781998","85.537003","","-0.52%"
"01/02/2025","85.970299","87.950951","89.113297","85.238853","","-2.21%"
"01/01/2025","87.913399","87.950951","87.950951","87.950951","","0.00%"
"12/31/2024","87.913399","85.626350","87.950951","81.372147","","2.72%"
"12/30/2024","85.581703","81.945549","86.013802","80.364700","","4.48%"
"12/27/2024","81.910301","77.357552","82.816254","77.087799","","5.94%"
"12/26/2024","77.319901","76.970802","77.677101","76.389053","","0.97%"
"12/25/2024","76.580200","77.460503","77.723999","76.972801","","-1.09%"
"12/24/2024","77.427002","78.456802","78.666054","77.035347","","-1.27%"
"12/23/2024","78.422897","79.887848","80.162300","77.412354","","-1.79%"
"12/20/2024","79.853401","80.387947","81.004303","79.244797","","-0.62%"
"12/19/2024","80.353203","81.384148","81.393303","78.917603","","-1.22%"
"12/18/2024","81.348999","81.274849","81.967300","79.359253","","0.13%"
"12/17/2024","81.239799","80.466850","81.414803","78.876549","","1.00%"
"12/16/2024","80.432098","81.133499","81.269302","79.192497","","-0.82%"
"12/13/2024","81.098503","81.647949","81.837196","79.315147","","-0.63%"
"12/12/2024","81.612701","81.947952","82.561897","80.060051","","-0.37%"
"12/11/2024","81.912598","80.044899","84.529449","78.848701","","2.38%"
"12/10/2024","80.010300","77.752899","80.044899","77.460251","","2.95%"
"12/09/2024","77.719200","78.180550","78.288048","76.819847","","-0.55%"
"12/06/2024","78.146698","78.678146","79.464951","76.738503","","-0.55%"
"12/05/2024","78.577904","81.916946","81.924751","76.338799","","-4.03%"
"12/04/2024","81.881500","81.699303","82.477402","80.143150","","0.27%"
"12/03/2024","81.664001","82.084396","83.670700","80.871353","","-1.16%"
"12/02/2024","82.618599","83.496696","84.500450","82.165398","","-0.26%"
"11/29/2024","82.830704","84.057251","85.505051","81.312302","","-1.42%"
"11/28/2024","84.021004","88.065552","88.385696","82.201447","","-4.55%"
"11/27/2024","88.027802","82.290199","89.118500","80.582649","","7.02%"
"11/26/2024","82.254601","81.156250","84.201248","79.950203","","1.40%"
"11/25/2024","81.121101","81.338699","81.527252","79.670547","","-0.02%"
"11/22/2024","81.139503","78.868202","81.415199","78.136299","","2.92%"
"11/21/2024","78.834000","78.105797","79.076447","77.639999","","0.79%"
"11/20/2024","78.217903","78.305000","78.567146","77.563797","","0.33%"
"11/19/2024","77.961601","77.778053","78.733597","77.599350","","0.28%"
"11/18/2024","77.743797","78.049950","78.482697","77.701447","","-0.35%"
"11/15/2024","78.015999","77.735352","78.436653","77.337898","","0.52%"
"11/14/2024","77.613098","76.904846","78.661552","76.124100","","0.96%"
"11/13/2024","76.871300","76.278351","77.205902","76.225647","","0.54%"
"11/12/2024","76.455597","74.977654","76.791451","74.750000","","2.02%"
"11/11/2024","74.944901","76.113197","77.008301","74.587151","","-1.49%"
"11/08/2024","76.080002","76.640404","76.897903","75.767151","","-0.69%"
"11/07/2024","76.606903","76.034348","77.041252","75.307648","","0.80%"
"11/06/2024","76.001099","76.555847","78.577202","74.364052","","-0.68%"
"11/05/2024","76.522400","76.903099","77.188454","76.048653","","-0.45%"
"11/04/2024","76.865196","76.592247","77.507797","76.131149","","0.40%"
"11/01/2024","76.558800","76.192703","77.010651","75.872047","","0.52%"
"10/31/2024","76.159401","75.862999","76.386497","75.689148","","0.44%"
"10/30/2024","75.825500","76.261353","76.654404","75.484253","","-0.53%"
"10/29/2024","76.227997","75.936348","76.701950","74.814400","","0.43%"
"10/28/2024","75.898903","75.926750","76.612648","75.468048","","0.01%"
"10/25/2024","75.893600","75.100754","76.118698","74.894249","","1.72%"
"10/24/2024","74.608902","74.836853","75.845848","74.515549","","-0.26%"
"10/23/2024","74.804199","74.700447","75.580048","74.529198","","0.18%"
"10/22/2024","74.667801","75.594902","75.916649","74.592598","","-1.18%"
"10/21/2024","75.561897","75.496651","76.357147","74.692497","","0.45%"
"10/18/2024","75.223602","75.568199","75.958351","74.326202","","-0.37%"
"10/17/2024","75.499603","75.568047","76.368950","75.387604","","0.00%"
"10/16/2024","75.499496","75.568047","76.349052","75.532799","","0.00%"
"10/15/2024","75.499496","74.669800","77.423050","73.420097","","1.16%"
"10/14/2024","74.637100","75.029503","75.431396","74.566948","","-0.48%"
"10/11/2024","74.996597","75.656052","76.133850","74.511848","","-0.83%"
"10/10/2024","75.622902","75.911697","76.441200","75.482697","","-0.34%"
"10/09/2024","75.878502","75.662598","78.494247","75.145798","","0.33%"
"10/08/2024","75.629501","75.186302","75.814400","74.865448","","0.76%"
"10/07/2024","75.057701","74.363853","75.512299","74.363853","","0.98%"
"10/04/2024","74.331200","74.146950","75.222954","73.999901","","0.19%"
"10/03/2024","74.193802","74.972900","75.064697","73.879150","","-1.00%"
"10/02/2024","74.940002","75.235550","76.148598","73.516602","","-0.34%"
"10/01/2024","75.195297","72.998451","75.339203","72.763000","","3.05%"
"09/30/2024","72.966301","74.181549","74.353348","72.205902","","-1.59%"
"09/27/2024","74.148804","72.718246","74.211952","72.342102","","2.01%"
"09/26/2024","72.686203","72.505447","72.980797","71.752800","","0.47%"
"09/25/2024","72.346802","72.808502","73.090248","71.525650","","-0.52%"
"09/24/2024","72.724701","71.661049","73.388199","71.654602","","1.39%"
"09/23/2024","71.728699","72.546097","73.313148","71.760353","","-1.08%"
"09/20/2024","72.514099","72.436996","73.185448","72.271049","","0.15%"
"09/19/2024","72.404999","73.479301","73.689102","71.948700","","-1.43%"
"09/18/2024","73.456902","71.857353","73.665848","71.395851","","2.27%"
"09/17/2024","71.825600","71.801804","72.001747","70.853500","","0.51%"
"09/16/2024","71.458504","70.589600","71.950203","70.427849","","1.28%"
"09/13/2024","70.558403","70.005997","71.775551","69.845596","","1.18%"
"09/12/2024","69.738403","72.020798","72.082199","69.887703","","-3.13%"
"09/11/2024","71.988899","71.700302","72.665497","71.244148","","0.45%"
"09/10/2024","71.668503","71.373398","72.279999","70.969597","","0.46%"
"09/09/2024","71.341698","71.141151","72.028748","70.639000","","0.33%"
"09/06/2024","71.109596","69.444649","71.327454","69.444649","","2.44%"
"09/05/2024","69.413803","69.169502","71.691353","69.011147","","0.40%"
"09/04/2024","69.138603","69.474449","71.154449","68.940002","","-0.42%"
"09/03/2024","69.427399","71.044052","71.439598","68.840202","","-2.23%"
"09/02/2024","71.012398","71.716499","72.634247","70.411102","","-0.94%"
"08/30/2024","71.684601","72.475151","73.071053","71.515900","","-1.58%"
"08/29/2024","72.838799","72.195351","72.997597","71.841400","","0.94%"
"08/28/2024","72.163300","72.290901","72.795502","71.857399","","-0.12%"
"08/27/2024","72.246696","72.614403","72.907700","71.787498","","-0.46%"
"08/26/2024","72.582199","72.114899","73.075302","71.761101","","0.69%"
"08/23/2024","72.082901","72.027802","72.551903","71.670753","","0.13%"
"08/22/2024","71.991501","72.360550","73.089302","71.681999","","-0.47%"
"08/21/2024","72.328400","72.196747","73.168900","71.866096","","0.62%"
"08/20/2024","71.881302","71.197250","72.800598","70.506851","","1.20%"
"08/19/2024","71.027199","70.666748","71.364998","70.320900","","0.77%"
"08/16/2024","70.485001","70.256599","71.946152","69.369003","","0.37%"
"08/15/2024","70.225304","71.141251","71.697601","69.776649","","-0.87%"
"08/14/2024","70.844498","71.711746","73.694603","69.717003","","-1.17%"
"08/13/2024","71.679802","72.045151","76.320351","71.570053","","-0.34%"
"08/12/2024","71.926300","70.078247","72.678551","69.858749","","2.68%"
"08/09/2024","70.046997","68.343399","70.565498","68.343399","","2.81%"
"08/08/2024","68.133499","67.859901","68.876053","67.704498","","0.46%"
"08/07/2024","67.823097","67.909897","68.444847","67.048950","","0.15%"
"08/06/2024","67.723701","67.388603","68.229599","67.098801","","0.63%"
"08/05/2024","67.297699","67.954948","69.148849","67.127502","","-0.74%"
"08/02/2024","67.799698","67.992653","68.360199","67.719002","","-0.02%"
"08/01/2024","67.813698","68.490349","68.858299","67.781151","","-0.66%"
"07/31/2024","68.264603","68.137497","69.035049","67.569252","","-0.11%"
"07/30/2024","68.339203","68.711098","69.230049","68.136002","","-0.50%"
"07/29/2024","68.680199","68.334198","69.158897","67.877747","","0.55%"
"07/26/2024","68.303497","67.278702","69.335999","67.124702","","1.57%"
"07/25/2024","67.248497","68.312599","68.997353","67.040802","","-1.50%"
"07/24/2024","68.275200","69.809303","69.970848","68.181953","","-2.15%"
"07/23/2024","69.778000","69.760696","70.125999","68.233803","","0.07%"
"07/22/2024","69.729401","69.547752","70.342300","69.207947","","0.31%"
"07/19/2024","69.516602","70.152702","70.315048","69.012299","","-0.86%"
"07/18/2024","70.121300","70.305351","70.468002","69.495949","","-0.22%"
"07/17/2024","70.273804","70.236549","70.407051","69.682098","","0.10%"
"07/16/2024","70.205101","70.076653","70.647148","69.332802","","0.23%"
"07/15/2024","70.045303","69.547348","70.437553","69.022751","","0.76%"
"07/12/2024","69.516296","68.778801","69.861847","68.626297","","1.17%"
"07/11/2024","68.710297","69.936546","70.187897","68.688202","","-1.71%"
"07/10/2024","69.905296","68.487549","70.469498","68.487549","","2.12%"
"07/09/2024","68.456902","68.650452","70.199699","68.487549","","-0.24%"
"07/08/2024","68.619698","69.820602","71.429100","68.650452","","-1.35%"
"07/05/2024","69.561600","70.724403","72.599403","69.525398","","-1.60%"
"07/04/2024","70.692703","70.210449","70.882797","69.143051","","1.64%"
"07/03/2024","69.553001","69.862846","70.528000","68.803101","","-0.32%"
"07/02/2024","69.777298","68.931152","70.520401","68.684898","","1.32%"
"07/01/2024","68.868500","68.284950","69.794052","67.617752","","0.90%"
"06/28/2024","68.254204","67.701248","70.291550","67.428352","","0.86%"
"06/27/2024","67.670700","70.100151","71.653297","65.240196","","-3.49%"
"06/26/2024","70.117996","69.412598","71.851097","67.136398","","0.33%"
"06/25/2024","69.890701","69.841797","71.792847","66.774048","","0.29%"
"06/24/2024","69.691597","70.553398","73.285797","66.874298","","-1.18%"
"06/21/2024","70.521896","69.044052","75.483704","66.365952","","2.49%"
"06/20/2024","68.805496","65.608101","71.470848","64.966347","","4.40%"
"06/19/2024","65.905251","67.910004","70.093048","64.433098","","-2.48%"
"06/18/2024","67.582703","70.139000","72.046700","66.731697","","-3.78%"
"06/17/2024","70.234596","70.971802","73.153000","68.586952","","-0.99%"
"06/14/2024","70.940102","69.660202","75.920799","68.501152","","1.88%"
"06/13/2024","69.628998","70.517303","73.492554","67.442146","","-0.87%"
"06/12/2024","70.241096","70.844254","71.389351","70.063599","","-0.44%"
"06/11/2024","70.549797","70.340698","71.200500","68.333054","","0.34%"
"06/10/2024","70.309303","70.412750","71.461449","68.896248","","0.36%"
"06/07/2024","70.055199","70.469704","70.815247","69.538696","","-0.38%"
"06/06/2024","70.322800","70.250648","70.791603","69.626350","","0.16%"
"06/05/2024","70.212402","70.153900","70.721802","69.610703","","0.64%"
"06/04/2024","69.765900","70.808800","71.016350","69.841103","","-0.95%"
"06/03/2024","70.435303","71.730949","71.992851","70.277649","","-1.76%"
"05/31/2024","71.698898","71.573196","72.580650","70.163147","","0.14%"
"05/30/2024","71.601303","70.861397","71.708649","70.346703","","1.25%"
"05/29/2024","70.716103","70.019249","71.470154","69.614502","","1.04%"
"05/28/2024","69.987999","70.013496","70.712097","69.164047","","0.01%"
"05/27/2024","69.982399","70.525200","71.017403","68.741302","","-0.73%"
"05/24/2024","70.493896","72.072548","72.799751","69.102898","","-1.67%"
"05/23/2024","71.690498","70.885597","72.842850","69.309753","","1.58%"
"05/22/2024","70.575500","71.092598","72.203247","70.037148","","-0.11%"
"05/21/2024","70.650299","71.491402","71.800400","70.578796","","-1.00%"
"05/20/2024","71.367302","71.852249","72.400551","69.785103","","-0.63%"
"05/17/2024","71.820297","71.442596","72.093300","71.124603","","0.57%"
"05/16/2024","71.411003","71.636353","71.851547","70.742950","","0.07%"
"05/15/2024","71.363899","71.847504","72.126404","71.378304","","-0.55%"
"05/14/2024","71.754997","72.126801","72.477547","70.988701","","-0.47%"
"05/13/2024","72.094902","72.901848","73.188248","71.338501","","-1.02%"
"05/10/2024","72.836502","72.896950","73.246803","71.691399","","-0.04%"
"05/09/2024","72.864700","72.249100","73.355652","72.155701","","1.33%"
"05/08/2024","71.909798","72.098747","72.960701","71.771400","","0.10%"
"05/07/2024","71.834602","72.186653","72.680252","71.633652","","0.17%"
"05/06/2024","71.710999","72.169403","73.291946","70.961403","","0.06%"
"05/03/2024","71.671097","71.921547","74.209900","71.305054","","-0.30%"
"05/02/2024","71.889603","74.230003","74.930847","71.171799","","-3.22%"
"05/01/2024","74.278351","74.049004","74.929199","73.423447","","0.35%"
"04/30/2024","74.016098","73.870697","74.536003","73.282249","","0.49%"
"04/29/2024","73.654602","73.382851","74.665749","72.352753","","1.58%"
"04/26/2024","72.507301","72.671501","73.515404","71.731453","","-0.18%"
"04/25/2024","72.639297","72.583649","73.109497","72.181450","","0.50%"
"04/24/2024","72.275398","73.322304","74.100998","72.047997","","-1.38%"
"04/23/2024","73.289902","73.522453","74.889648","72.243851","","-0.42%"
"04/22/2024","73.597397","73.355850","74.431099","71.889702","","0.50%"
"04/19/2024","73.232903","74.231148","75.051552","72.683052","","-0.84%"
"04/18/2024","73.854500","74.233551","75.325150","73.437897","","-0.47%"
"04/17/2024","74.200699","74.280350","75.053802","73.863800","","-0.06%"
"04/16/2024","74.243698","73.813797","74.954102","73.474251","","0.63%"
"04/15/2024","73.781097","73.628601","74.318649","73.325851","","0.19%"
"04/12/2024","73.639397","73.685753","74.690750","73.341049","","0.46%"
"04/11/2024","73.301300","73.780098","74.993752","72.989052","","-0.01%"
"04/10/2024","73.309700","73.297951","74.092499","73.016647","","-0.02%"
"04/09/2024","73.323700","72.914001","74.203102","72.233452","","0.39%"
"04/08/2024","73.039398","72.930099","73.527397","72.368950","","0.66%"
"04/05/2024","72.563698","72.751953","73.322601","72.061852","","-0.21%"
"04/04/2024","72.719704","72.860703","74.681747","71.623497","","-0.15%"
"04/03/2024","72.828400","73.198097","73.556702","72.508202","","-0.46%"
"04/02/2024","73.165604","72.987297","73.894547","72.658699","","0.29%"
"04/01/2024","72.950500","73.308998","73.473846","72.425903","","-0.07%"
"03/29/2024","73.005096","73.354950","73.654648","72.873703","","-0.17%"
"03/28/2024","73.126602","73.372200","73.864250","72.538002","","0.26%"
"03/27/2024","72.935303","73.451149","74.025803","72.753448","","-0.15%"
"03/26/2024","73.041397","73.747253","74.125351","72.736252","","-0.91%"
"03/25/2024","73.714401","73.260399","74.428596","73.092697","","0.66%"
"03/22/2024","73.227699","73.061600","74.735847","72.754951","","0.28%"
"03/21/2024","73.022003","73.359848","73.581100","72.705597","","-0.42%"
"03/20/2024","73.327103","73.615303","74.037598","73.117348","","-0.09%"
"03/19/2024","73.394501","73.025948","74.269753","72.608101","","0.87%"
"03/18/2024","72.763000","73.607750","74.355652","72.651199","","-0.83%"
"03/15/2024","73.370697","72.829552","74.029999","72.564049","","0.79%"
"03/14/2024","72.796997","72.811996","73.532898","72.386703","","0.02%"
"03/13/2024","72.779404","73.192650","73.884201","72.261200","","-0.47%"
"03/12/2024","73.120201","72.564400","73.478699","72.286499","","0.59%"
"03/11/2024","72.691597","72.741447","74.021599","71.028099","","0.07%"
"03/08/2024","72.640900","72.501900","73.154953","72.263847","","0.24%"
"03/07/2024","72.469299","72.540947","73.019753","72.203247","","-0.05%"
"03/06/2024","72.508400","72.626648","73.296402","71.633400","","-0.11%"
"03/05/2024","72.586998","73.023201","73.213753","72.110397","","-0.29%"
"03/04/2024","72.799599","73.276199","73.535950","72.541649","","-0.36%"
"03/01/2024","73.065002","73.038651","74.061050","72.412354","","-0.17%"
"02/29/2024","73.185799","73.328300","73.725548","72.124901","","-0.15%"
"02/28/2024","73.295303","73.619949","74.014053","72.561996","","-0.40%"
"02/27/2024","73.586899","74.218048","74.392601","73.072899","","-0.85%"
"02/26/2024","74.218048","74.959900","75.550697","73.279953","","-0.95%"
"02/23/2024","74.926300","74.392349","76.953949","73.372803","","0.76%"
"02/22/2024","74.359001","73.520248","75.877953","73.000648","","1.24%"
"02/21/2024","73.449501","74.033096","75.676750","72.950851","","-0.47%"
"02/20/2024","73.799797","73.939598","74.405998","72.866699","","-1.14%"
"02/19/2024","74.653900","73.659401","75.225647","72.866699","","1.40%"
"02/16/2024","73.626297","73.865646","75.936600","73.472900","","-0.24%"
"02/15/2024","73.804497","73.452850","75.189552","72.494499","","0.59%"
"02/14/2024","73.368797","73.317047","74.659698","73.237747","","0.12%"
"02/13/2024","73.284103","73.157547","74.387154","71.110649","","0.42%"
"02/12/2024","72.976402","73.033699","74.068398","73.008049","","-0.03%"
"02/09/2024","73.000801","73.115952","74.736053","71.733704","","-0.11%"
"02/08/2024","73.083000","73.527000","74.479149","73.013451","","-0.56%"
"02/07/2024","73.493896","72.512749","74.573196","72.512749","","1.40%"
"02/06/2024","72.475700","73.349052","74.263603","72.144302","","-0.15%"
"02/05/2024","72.582199","73.074654","74.154297","72.561752","","-0.63%"
"02/02/2024","73.041702","72.769997","74.032547","72.323952","","0.48%"
"02/01/2024","72.692902","72.422096","73.632698","72.260551","","0.42%"
"01/31/2024","72.389297","72.136597","72.967552","71.829453","","0.51%"
"01/30/2024","72.024002","71.856850","72.880402","71.379051","","0.65%"
"01/29/2024","71.559502","72.378998","73.287697","70.625450","","-1.09%"
"01/26/2024","72.346199","71.724899","72.997398","71.649452","","0.91%"
"01/25/2024","71.692398","71.447151","72.446297","71.259598","","0.45%"
"01/24/2024","71.372597","71.346298","72.116852","70.912750","","-0.09%"
"01/23/2024","71.438202","70.864754","71.846451","70.583252","","0.85%"
"01/22/2024","70.832603","71.068703","71.765450","70.594803","","-0.29%"
"01/19/2024","71.036400","71.999901","72.608452","70.261803","","-1.29%"
"01/18/2024","71.967300","71.316452","72.726547","71.157951","","1.52%"
"01/17/2024","70.889503","70.962196","72.149399","70.228050","","-0.06%"
"01/16/2024","70.930000","70.735252","71.707199","70.161598","","0.32%"
"01/15/2024","70.703102","71.204201","71.681801","70.313904","","-0.24%"
"01/12/2024","70.876198","71.278954","72.138901","70.889999","","-0.48%"
"01/11/2024","71.216797","71.951797","72.371498","70.919250","","-1.01%"
"01/10/2024","71.945396","72.282303","73.024399","71.921249","","-0.45%"
"01/09/2024","72.272697","73.367149","74.038101","71.934898","","-1.25%"
"01/08/2024","73.186699","73.592697","74.049248","72.601402","","-0.31%"
"01/05/2024","73.411697","74.018250","74.708199","73.250603","","-0.77%"
"01/04/2024","73.984596","74.523354","75.113152","73.648048","","-0.68%"
"01/03/2024","74.489502","73.201653","75.274353","72.831650","","1.81%"
"01/02/2024","73.168404","72.250450","74.063103","72.250450","","1.32%"
"01/01/2024","72.217598","72.250450","72.250450","72.250450","","0.00%"
"12/29/2023","72.217598","71.725098","73.904099","71.581253","","0.73%"
"12/28/2023","71.692398","74.189301","74.487999","71.330147","","-3.17%"
"12/27/2023","74.036697","74.140549","74.947647","73.390953","","-0.13%"
"12/26/2023","74.133301","74.310600","74.321747","73.854149","","0.03%"
"12/25/2023","74.111000","74.531952","74.855652","72.454201","","-0.55%"
"12/22/2023","74.518402","75.081802","75.446999","73.082100","","-0.71%"
"12/21/2023","75.047798","73.141296","75.333450","72.631447","","2.64%"
"12/20/2023","73.117348","73.130600","74.050201","72.164803","","0.03%"
"12/19/2023","73.097397","73.082497","73.455650","72.360397","","0.07%"
"12/18/2023","73.049400","73.237747","73.965752","72.403801","","-0.21%"
"12/15/2023","73.204498","72.442749","74.601349","70.569199","","1.10%"
"12/14/2023","72.409798","72.248650","73.546051","71.431999","","0.27%"
"12/13/2023","72.215797","73.253754","73.474747","71.781349","","-1.32%"
"12/12/2023","73.183899","73.810799","74.097649","72.558098","","-0.31%"
"12/11/2023","73.408897","74.845749","74.950249","72.839996","","-1.86%"
"12/08/2023","74.800697","75.069153","75.168053","73.520599","","0.04%"
"12/07/2023","74.773804","75.497147","76.106003","74.597748","","-0.65%"
"12/06/2023","75.262901","73.406700","76.105247","72.312248","","2.58%"
"12/05/2023","73.368698","74.329948","75.594101","72.881348","","-1.55%"
"12/04/2023","74.525902","74.166100","74.858452","73.300499","","0.54%"
"12/01/2023","74.125000","73.163002","74.216148","72.127899","","1.36%"
"11/30/2023","73.129601","72.126198","73.688049","71.447250","","1.44%"
"11/29/2023","72.093201","72.197098","72.924950","71.423553","","0.19%"
"11/28/2023","71.959900","72.359596","72.996948","71.490753","","-0.51%"
"11/27/2023","72.326599","72.624298","72.748497","71.586098","","-0.36%"
"11/24/2023","72.591103","72.047951","73.449547","71.536751","","0.76%"
"11/23/2023","72.043503","71.934052","73.000847","70.796799","","0.20%"
"11/22/2023","71.901100","71.918854","72.218803","71.317047","","0.02%"
"11/21/2023","71.885902","72.124252","72.500702","70.660454","","-0.28%"
"11/20/2023","72.091202","73.067947","73.534798","70.583649","","-1.29%"
"11/17/2023","73.034500","72.748703","73.911598","71.682098","","0.44%"
"11/16/2023","72.715401","72.830101","73.361053","71.782997","","-0.11%"
"11/15/2023","72.796799","73.657547","74.494698","71.687553","","-0.60%"
"11/14/2023","73.236603","74.716148","75.034103","73.201447","","-2.10%"
"11/13/2023","74.808197","75.203049","75.490250","74.193001","","-0.37%"
"11/10/2023","75.082497","74.605003","75.428452","74.253403","","0.69%"
"11/09/2023","74.570999","74.692902","75.460098","74.317947","","-0.12%"
"11/08/2023","74.658897","74.999496","75.512802","74.339203","","-0.41%"
"11/07/2023","74.965302","75.509354","75.964447","74.374451","","-0.47%"
"11/06/2023","75.321503","75.771149","76.035454","74.875549","","-0.55%"
"11/03/2023","75.736603","76.205002","76.865448","74.909302","","-0.57%"
"11/02/2023","76.170197","75.597954","76.945450","75.063698","","0.80%"
"11/01/2023","75.563400","76.280647","76.727852","75.008949","","-1.19%"
"10/31/2023","76.470497","75.741249","76.789299","74.818947","","1.43%"
"10/30/2023","75.393402","77.035950","77.252502","75.517349","","-2.09%"
"10/27/2023","77.000801","76.698898","78.445503","74.940697","","0.44%"
"10/26/2023","76.663803","77.079903","77.419800","75.908546","","-0.49%"
"10/25/2023","77.044601","76.619247","77.309097","75.828400","","0.60%"
"10/24/2023","76.584198","77.344597","77.689346","75.703903","","-0.94%"
"10/23/2023","77.309303","78.173599","78.709648","76.543648","","-1.06%"
"10/20/2023","78.137901","78.640251","79.606598","77.660950","","-0.22%"
"10/19/2023","78.309799","80.372353","80.868752","78.213852","","-2.52%"
"10/18/2023","80.335701","80.234451","80.645599","79.042648","","-0.01%"
"10/17/2023","80.344200","79.849648","80.566452","79.387802","","0.67%"
"10/16/2023","79.813202","79.964897","80.491753","79.144699","","-0.14%"
"10/13/2023","79.928497","79.912399","80.481796","78.476646","","0.07%"
"10/12/2023","79.875999","82.268852","82.268852","78.045898","","-2.91%"
"10/11/2023","82.268852","82.211601","82.897247","79.874199","","0.12%"
"10/10/2023","82.174202","81.691254","83.168053","80.305099","","0.59%"
"10/09/2023","81.691254","82.856049","84.960350","80.538902","","-1.36%"
"10/06/2023","82.818398","81.938850","84.517403","79.866699","","0.90%"
"10/05/2023","82.082649","81.586647","82.595001","80.516853","","0.41%"
"10/04/2023","81.750504","81.941948","82.847198","80.372253","","-0.23%"
"10/03/2023","81.941948","80.983147","82.461746","79.983452","","1.18%"
"10/02/2023","80.983147","80.327400","82.117897","79.171349","","0.85%"
"09/29/2023","80.299004","79.309898","80.794647","78.211151","","1.62%"
"09/28/2023","79.018799","79.680946","80.357101","78.457199","","-0.83%"
"09/27/2023","79.680946","79.212097","80.288101","77.369453","","0.59%"
"09/26/2023","79.212601","77.760048","80.645500","77.698647","","1.92%"
"09/25/2023","77.720001","78.856750","79.453346","77.687698","","-1.44%"
"09/22/2023","78.856750","78.097054","79.547203","77.733902","","0.97%"
"09/21/2023","78.097054","78.806000","79.921753","77.506447","","-0.91%"
"09/20/2023","78.814499","78.895500","80.231697","78.294250","","-0.10%"
"09/19/2023","78.895500","78.903648","80.837700","77.908798","","0.04%"
"09/18/2023","78.867500","79.507553","80.862198","77.897552","","-0.65%"
"09/15/2023","79.383148","79.056747","80.467697","78.050697","","0.41%"
"09/14/2023","79.060097","79.125603","80.054497","77.945900","","0.00%"
"09/13/2023","79.062302","78.817650","80.773598","76.102150","","0.48%"
"09/12/2023","78.684799","78.143753","80.047852","75.859200","","0.69%"
"09/11/2023","78.143753","80.471153","80.852951","77.844200","","-2.89%"
"09/08/2023","80.471153","81.156052","81.618202","79.654449","","-0.84%"
"09/07/2023","81.156052","81.040550","81.649902","79.390900","","0.14%"
"09/06/2023","81.040550","79.777451","81.597649","79.630150","","1.45%"
"09/05/2023","79.880501","80.042099","81.276047","79.127502","","-0.16%"
"09/04/2023","80.005302","79.653748","80.550148","78.799301","","0.49%"
"09/01/2023","79.617104","79.222748","80.314903","78.349701","","0.50%"
"08/31/2023","79.222748","79.653099","80.467148","78.263603","","-0.34%"
"08/30/2023","79.492104","79.045151","80.777847","78.561302","","0.61%"
"08/29/2023","79.008698","78.278954","80.714699","76.553352","","0.98%"
"08/28/2023","78.242798","79.121452","79.875603","77.659798","","-0.54%"
"08/25/2023","78.670502","78.429901","80.854446","76.418854","","0.31%"
"08/24/2023","78.429901","77.894798","80.317352","76.211349","","0.73%"
"08/23/2023","77.858803","78.164551","79.207901","75.765549","","-0.39%"
"08/22/2023","78.164551","77.272552","78.852600","76.513046","","1.80%"
"08/21/2023","76.785400","78.821251","79.686203","76.294250","","-2.58%"
"08/18/2023","78.821251","78.318497","80.288254","75.330597","","0.64%"
"08/17/2023","78.318497","80.528099","80.694298","75.085197","","-2.74%"
"08/16/2023","80.528099","81.987953","82.004547","75.998299","","-1.78%"
"08/15/2023","81.987953","81.450500","83.736801","77.637604","","1.05%"
"08/14/2023","81.133003","83.039703","85.315247","79.561501","","-2.17%"
"08/11/2023","82.930351","83.184052","83.611298","79.722000","","-0.62%"
"08/10/2023","83.446548","83.033348","84.547752","81.897499","","0.55%"
"08/09/2023","82.993896","83.331802","84.645149","81.439903","","-0.41%"
"08/08/2023","83.331802","82.013153","84.136047","80.689499","","1.74%"
"08/07/2023","81.906052","82.225754","83.967453","81.262703","","-0.39%"
"08/04/2023","82.225754","81.560852","84.081146","78.139252","","1.35%"
"08/03/2023","81.131599","80.918297","83.919998","79.315948","","0.26%"
"08/02/2023","80.918297","79.428398","81.498848","78.205948","","1.92%"
"08/01/2023","79.390404","78.971252","79.856453","77.697998","","0.58%"
"07/31/2023","78.933403","79.361450","80.147552","77.339798","","-0.54%"
"07/28/2023","79.361450","78.188698","79.975700","76.767548","","1.55%"
"07/27/2023","78.151100","77.419853","78.704201","76.394348","","0.99%"
"07/26/2023","77.382698","77.714203","78.303650","76.514999","","-0.43%"
"07/25/2023","77.714546","78.007599","78.649101","76.547348","","-0.03%"
"07/24/2023","77.735703","77.950203","79.269501","76.180550","","-0.28%"
"07/21/2023","77.950203","77.978104","79.026398","76.936401","","-0.04%"
"07/20/2023","77.978500","78.952202","79.695747","77.484650","","-1.34%"
"07/19/2023","79.034500","78.318947","79.501747","77.151497","","1.56%"
"07/18/2023","77.818901","77.960747","79.412598","76.952103","","-0.18%"
"07/17/2023","77.961098","77.951851","78.908546","77.179802","","0.06%"
"07/14/2023","77.914299","77.813751","78.645447","77.026352","","0.18%"
"07/13/2023","77.776299","78.064247","79.345848","76.924950","","-0.32%"
"07/12/2023","78.026703","78.191597","78.931999","76.936897","","-0.21%"
"07/11/2023","78.191948","78.836304","79.275650","77.021248","","-0.82%"
"07/10/2023","78.836601","78.875748","82.108597","77.663696","","0.30%"
"07/07/2023","78.600700","78.983353","80.349449","77.471703","","-0.44%"
"07/06/2023","78.945297","78.747849","82.800049","77.117302","","0.25%"
"07/05/2023","78.748199","78.890404","79.503197","76.761398","","-0.13%"
"07/04/2023","78.852303","77.455948","79.533699","75.774101","","1.68%"
"07/03/2023","77.552399","76.331703","78.519798","76.118347","","1.60%"
"06/30/2023","76.331703","75.385353","78.369102","75.339600","","1.59%"
"06/29/2023","75.134499","74.638901","76.656349","72.911850","","0.71%"
"06/28/2023","74.602600","74.096848","75.830498","73.098846","","0.61%"
"06/27/2023","74.147202","73.475899","74.968948","73.062553","","0.97%"
"06/26/2023","73.435204","72.932098","75.947502","72.693748","","0.74%"
"06/23/2023","72.896400","70.483002","75.197250","70.483002","","3.48%"
"06/22/2023","70.443604","72.802399","73.691803","70.376099","","-3.24%"
"06/21/2023","72.802803","72.976448","74.566452","72.298248","","-0.24%"
"06/20/2023","72.976852","72.945053","74.325600","72.267799","","-0.06%"
"06/19/2023","73.023399","72.843246","74.187798","72.197998","","0.25%"
"06/16/2023","72.843246","72.839798","73.915199","72.262650","","0.05%"
"06/15/2023","72.804100","73.183601","74.075752","72.050652","","-0.47%"
"06/14/2023","73.147797","73.367302","74.924553","70.637604","","-0.30%"
"06/13/2023","73.367699","73.301750","74.059196","71.953499","","0.14%"
"06/12/2023","73.265800","72.413300","73.736954","71.503799","","1.63%"
"06/09/2023","72.087502","71.718498","73.003250","71.280197","","0.57%"
"06/08/2023","71.678398","71.203949","72.867249","70.086403","","0.67%"
"06/07/2023","71.204353","70.972252","72.050697","70.086998","","0.33%"
"06/06/2023","70.972603","70.398247","71.794502","69.577301","","0.82%"
"06/05/2023","70.398651","70.709602","72.191101","69.870148","","-0.39%"
"06/02/2023","70.674698","70.994553","71.740402","69.519203","","-0.40%"
"06/01/2023","70.959503","71.533997","71.950546","70.009552","","-0.75%"
"05/31/2023","71.498703","71.156799","72.003754","69.381653","","8.53%"
"05/30/2023","65.880302","70.270447","71.932198","65.719299","","-6.25%"
"05/29/2023","70.272202","69.207451","73.352997","68.331551","","1.59%"
"05/26/2023","69.172897","70.042801","71.431549","68.771301","","-1.19%"
"05/25/2023","70.008202","70.248703","70.888153","69.089249","","-0.34%"
"05/24/2023","70.249046","70.130653","71.030746","68.522346","","0.23%"
"05/23/2023","70.091202","70.305450","70.905449","69.130447","","0.01%"
"05/22/2023","70.087502","69.785049","70.740349","68.649902","","0.43%"
"05/19/2023","69.785049","69.985199","71.441299","68.763451","","-0.24%"
"05/18/2023","69.950798","69.571899","70.718048","68.911903","","-0.09%"
"05/17/2023","70.016800","70.481400","71.446648","69.486649","","-0.66%"
"05/16/2023","70.481796","69.903999","71.222954","68.499748","","1.52%"
"05/15/2023","69.426003","67.663948","70.462952","67.383949","","2.89%"
"05/12/2023","67.476601","66.733704","68.909050","66.189201","","0.65%"
"05/11/2023","67.040001","66.453751","68.570503","65.170250","","0.94%"
"05/10/2023","66.416000","68.223602","69.216850","65.779350","","-2.22%"
"05/09/2023","67.925003","67.982697","69.390297","67.104202","","-0.04%"
"05/08/2023","67.948997","68.110649","69.414253","66.529297","","-0.19%"
"05/05/2023","68.076897","68.720154","69.209351","66.178253","","-0.70%"
"05/04/2023","68.554802","69.375000","69.952454","67.134850","","-1.18%"
"05/03/2023","69.375351","70.038353","70.459198","67.740952","","-0.90%"
"05/02/2023","70.003799","70.665802","71.041252","68.956749","","-0.94%"
"05/01/2023","70.665802","70.521004","70.665802","69.078552","","0.21%"
"04/28/2023","70.521004","71.860100","72.296898","68.738403","","-1.51%"
"04/27/2023","71.604797","71.899101","72.583702","70.942299","","-0.75%"
"04/26/2023","72.148697","71.654350","73.558746","70.934898","","0.69%"
"04/25/2023","71.654350","71.331146","72.199898","70.472198","","0.45%"
"04/24/2023","71.331596","71.292198","73.970154","70.405548","","0.06%"
"04/21/2023","71.292198","71.598549","72.567001","70.645798","","-0.43%"
"04/20/2023","71.598549","71.565102","72.214798","70.464951","","0.10%"
"04/19/2023","71.529800","71.554749","72.536346","70.368347","","0.01%"
"04/18/2023","71.519501","71.494949","72.245102","70.033401","","0.08%"
"04/17/2023","71.459801","71.273102","72.558296","70.580948","","0.26%"
"04/14/2023","71.273102","71.534851","72.341553","70.734703","","-0.32%"
"04/13/2023","71.499603","72.058502","72.639503","70.597298","","-0.78%"
"04/12/2023","72.058899","71.076897","72.805550","70.858551","","1.43%"
"04/11/2023","71.041801","71.567703","72.852303","70.640846","","-0.68%"
"04/10/2023","71.527603","71.303352","72.684998","70.686050","","0.31%"
"04/07/2023","71.303352","71.390846","73.492897","70.909500","","-0.12%"
"04/06/2023","71.391251","70.565903","72.220100","69.757446","","1.22%"
"04/05/2023","70.530899","69.676247","71.532547","69.160004","","1.28%"
"04/04/2023","69.641701","69.017052","70.958199","68.576447","","0.90%"
"04/03/2023","69.017403","68.222252","69.541298","67.342499","","1.22%"
"03/31/2023","68.188499","67.588203","70.569199","66.970299","","0.94%"
"03/30/2023","67.554703","67.739502","68.251404","66.404999","","-0.27%"
"03/29/2023","67.739899","67.205399","68.530602","66.846451","","0.85%"
"03/28/2023","67.167099","67.103653","68.069702","66.495049","","0.16%"
"03/27/2023","67.061096","67.772903","68.169350","66.083351","","-0.96%"
"03/24/2023","67.708099","66.717949","68.223251","65.878899","","1.53%"
"03/23/2023","66.684700","67.653099","68.169601","66.195297","","-1.50%"
"03/22/2023","67.698097","67.911751","68.569298","67.002998","","-0.26%"
"03/21/2023","67.877899","67.911751","68.569298","66.947403","","-0.05%"
"03/20/2023","67.912148","67.656799","68.705551","66.898750","","0.43%"
"03/17/2023","67.623100","67.262650","68.422096","66.368698","","-0.39%"
"03/16/2023","67.885498","66.465553","68.420952","65.861252","","1.59%"
"03/15/2023","66.825104","66.180054","67.293152","65.379097","","1.02%"
"03/14/2023","66.147202","66.154297","66.912750","65.215652","","0.04%"
"03/13/2023","66.121399","66.899200","67.444397","63.277248","","-1.11%"
"03/10/2023","66.865898","66.493599","68.024849","65.318748","","0.61%"
"03/09/2023","66.460503","66.798302","67.559151","65.939049","","-0.46%"
"03/08/2023","66.764999","66.403099","67.607246","66.075798","","0.54%"
"03/07/2023","66.403450","66.443604","67.296349","65.475853","","-0.24%"
"03/06/2023","66.564102","66.435547","67.084503","65.695198","","0.42%"
"03/03/2023","66.285454","66.459801","67.056351","65.417801","","-0.26%"
"03/02/2023","66.460197","66.312798","67.181847","65.664200","","0.29%"
"03/01/2023","66.270401","66.204750","67.020851","65.543098","","0.15%"
"02/28/2023","66.171600","65.945503","66.978600","65.138046","","0.03%"
"02/27/2023","66.154900","66.973549","67.672951","65.279549","","-1.16%"
"02/24/2023","66.930801","66.639450","67.906097","65.630547","","0.24%"
"02/23/2023","66.772903","66.184303","67.396446","65.693604","","0.22%"
"02/22/2023","66.627701","66.290848","67.399399","65.161102","","0.91%"
"02/21/2023","66.026100","65.023750","67.492653","63.923851","","1.54%"
"02/20/2023","65.024147","64.942749","67.667053","64.328453","","-0.28%"
"02/17/2023","65.205101","65.805298","66.809799","64.309196","","-0.85%"
"02/16/2023","65.763100","65.089348","66.557503","64.722450","","1.09%"
"02/15/2023","65.056801","64.788101","67.132698","64.036049","","0.47%"
"02/14/2023","64.755600","64.607002","65.934502","63.774899","","0.28%"
"02/13/2023","64.574501","64.326698","66.061447","63.716702","","0.20%"
"02/10/2023","64.448601","64.206749","65.733849","63.490250","","0.18%"
"02/09/2023","64.332603","63.763599","65.185402","62.721550","","0.94%"
"02/08/2023","63.731602","63.995098","65.136101","60.397652","","0.82%"
"02/07/2023","63.213799","63.036751","64.877251","61.614799","","0.33%"
"02/06/2023","63.005001","62.427849","64.641296","60.839550","","0.98%"
"02/03/2023","62.396301","62.030548","64.447548","61.512650","","0.66%"
"02/02/2023","61.989799","62.182549","65.017250","61.046249","","0.13%"
"02/01/2023","61.907001","62.631802","63.185501","61.003151","","-1.09%"
"01/31/2023","62.590698","61.862949","64.921799","61.123501","","1.24%"
"01/30/2023","61.822300","62.398048","62.845001","60.730751","","-0.88%"
"01/27/2023","62.371349","61.532551","62.584148","60.611050","","1.41%"
"01/26/2023","61.501400","61.305099","62.167549","60.513550","","0.37%"
"01/25/2023","61.273998","61.620049","62.083149","60.553749","","-0.31%"
"01/24/2023","61.466499","61.080448","62.435051","60.197800","","0.66%"
"01/23/2023","61.061401","60.345150","62.407650","59.352852","","1.24%"
"01/20/2023","60.314499","60.966251","61.938801","58.999001","","-1.87%"
"01/19/2023","61.466301","60.981998","62.426201","60.297600","","0.85%"
"01/18/2023","60.951000","60.519100","61.995602","59.882599","","0.76%"
"01/17/2023","60.488400","60.528149","61.746899","59.940102","","-0.38%"
"01/16/2023","60.717800","58.319099","61.710850","58.274448","","4.11%"
"01/13/2023","58.319099","59.984699","61.652550","58.319099","","-2.71%"
"01/12/2023","59.944901","62.091702","62.972549","59.120499","","-0.58%"
"01/11/2023","60.293800","61.232800","62.409950","59.430550","","-2.12%"
"01/10/2023","61.599201","61.955250","62.323399","60.481998","","-0.51%"
"01/09/2023","61.914501","64.050751","64.444000","60.942650","","-3.29%"
"01/06/2023","64.018501","64.056953","65.008652","63.038551","","-0.06%"
"01/05/2023","64.057350","64.367699","65.092552","62.822701","","-0.48%"
"01/04/2023","64.368103","64.877953","65.607750","62.200249","","0.41%"
"01/03/2023","64.107597","63.128948","65.987297","61.797451","","1.60%"
"01/02/2023","63.096901","65.574600","71.575600","61.964500","","-3.97%"
"12/30/2022","65.704300","65.921898","68.909401","61.144249","","1.04%"
"12/29/2022","65.031097","64.981453","66.656052","63.058102","","0.16%"
"12/28/2022","64.928650","62.668201","65.391853","62.345749","","3.61%"
"12/27/2022","62.668201","61.013199","63.765099","60.933250","","2.96%"
"12/26/2022","60.863701","62.689350","63.180050","60.360050","","-2.91%"
"12/23/2022","62.689350","60.643700","63.517700","59.556599","","3.11%"
"12/22/2022","60.800652","65.082100","65.552650","60.489750","","-5.51%"
"12/21/2022","64.349098","62.290699","65.055847","60.837799","","3.30%"
"12/20/2022","62.290699","61.801601","63.899502","58.848351","","3.58%"
"12/19/2022","60.140652","57.590401","61.604950","56.882099","","4.43%"
"12/16/2022","57.590401","57.563499","59.115849","55.648151","","0.26%"
"12/15/2022","57.443352","57.524151","58.619251","55.332550","","-0.11%"
"12/14/2022","57.505699","56.016701","57.920799","55.431301","","2.73%"
"12/13/2022","55.978600","56.099751","56.724998","55.255199","","-0.25%"
"12/12/2022","56.116501","55.558899","56.398151","54.837200","","1.07%"
"12/09/2022","55.520901","55.137901","56.480000","54.779449","","-1.42%"
"12/08/2022","56.319351","55.060101","56.598701","53.772449","","2.46%"
"12/07/2022","54.966751","56.183201","56.937649","53.537750","","-2.16%"
"12/06/2022","56.181648","55.498749","56.659050","53.702751","","1.23%"
"12/05/2022","55.498749","55.520699","56.193298","53.599701","","-0.04%"
"12/02/2022","55.520699","54.543049","56.165600","53.781300","","1.92%"
"12/01/2022","54.473999","54.847549","55.639851","53.723751","","-0.68%"
"11/30/2022","54.847549","54.263000","55.072102","53.627350","","1.15%"
"11/29/2022","54.225399","55.074249","55.272701","53.672749","","-1.54%"
"11/28/2022","55.074249","53.796700","55.187248","53.160851","","2.37%"
"11/25/2022","53.796700","53.788700","54.627151","53.125648","","0.08%"
"11/24/2022","53.751400","54.178299","55.222851","52.758900","","-0.79%"
"11/23/2022","54.176701","54.122150","54.709648","53.459599","","0.17%"
"11/22/2022","54.084599","54.674850","55.060902","53.531151","","-1.08%"
"11/21/2022","54.674850","53.578602","55.097000","53.229900","","0.74%"
"11/18/2022","54.274300","53.889549","54.964851","53.265049","","0.59%"
"11/17/2022","53.956501","54.337700","54.761250","53.268650","","-0.70%"
"11/16/2022","54.337700","55.189602","55.258251","53.431900","","0.33%"
"11/15/2022","54.160149","54.848148","55.078899","53.125050","","-1.25%"
"11/14/2022","54.848148","54.031151","54.997799","53.035999","","1.52%"
"11/11/2022","54.029598","54.291649","54.826649","53.166100","","-0.28%"
"11/10/2022","54.179951","55.195850","55.869148","53.665199","","-0.79%"
"11/09/2022","54.613949","54.651600","55.712650","54.003101","","0.02%"
"11/08/2022","54.604698","56.575550","57.025398","53.646950","","-0.65%"
"11/07/2022","54.963902","55.693600","56.142551","53.715900","","-1.31%"
"11/04/2022","55.693600","56.084000","56.560749","55.145550","","-0.70%"
"11/03/2022","56.084000","54.915600","56.825649","54.514000","","2.33%"
"11/02/2022","54.808552","56.941601","57.215752","54.501400","","-1.21%"
"11/01/2022","55.481300","55.554050","56.094849","53.738049","","-0.13%"
"10/31/2022","55.554050","55.028900","56.091648","54.187950","","1.04%"
"10/28/2022","54.981899","54.894951","56.179298","54.459049","","0.24%"
"10/27/2022","54.848000","54.929901","56.547199","53.718449","","-0.06%"
"10/26/2022","54.882900","55.936798","56.223351","54.433350","","-1.49%"
"10/25/2022","55.712200","55.116150","56.274750","54.750050","","-0.14%"
"10/24/2022","55.791050","55.416100","56.383499","54.683048","","0.68%"
"10/21/2022","55.416100","55.296902","55.921848","54.495800","","0.22%"
"10/20/2022","55.296902","57.854149","60.907051","53.685951","","1.07%"
"10/19/2022","54.713848","55.120548","56.507702","54.513451","","-0.74%"
"10/18/2022","55.120548","55.684151","56.409149","54.795151","","-1.01%"
"10/17/2022","55.684151","56.282349","57.627151","54.576599","","-1.06%"
"10/14/2022","56.282349","58.095650","59.054451","55.037949","","-2.06%"
"10/13/2022","57.467152","57.434151","60.064548","56.234100","","0.14%"
"10/12/2022","57.385700","59.094250","60.473499","56.501350","","-2.89%"
"10/11/2022","59.094250","56.008450","59.753399","55.498001","","2.52%"
"10/10/2022","57.643501","58.247051","58.247051","54.816250","","3.46%"
"10/07/2022","55.713299","54.709099","57.915199","53.888802","","1.92%"
"10/06/2022","54.661800","55.086750","56.680851","53.226650","","-0.77%"
"10/05/2022","55.086750","53.608150","55.752750","52.509750","","2.85%"
"10/04/2022","53.561100","52.811401","55.289150","52.642250","","1.51%"
"10/03/2022","52.764599","56.280251","56.486698","51.806850","","-3.54%"
"09/30/2022","54.703049","52.206799","56.332600","51.094700","","4.78%"
"09/29/2022","52.206799","52.637798","56.310749","50.377151","","-0.73%"
"09/28/2022","52.591351","53.424801","54.262051","51.708450","","-1.56%"
"09/27/2022","53.424801","52.949902","55.994400","50.995548","","0.90%"
"09/26/2022","52.949902","53.036949","55.303452","51.343048","","0.91%"
"09/23/2022","52.470299","55.856998","55.856998","51.207500","","-3.55%"
"09/22/2022","54.403851","56.102299","56.287048","53.450649","","-2.23%"
"09/21/2022","55.646950","58.811798","59.520950","54.830002","","-0.76%"
"09/20/2022","56.071098","54.716599","57.010799","54.080299","","2.56%"
"09/19/2022","54.668900","58.717751","58.717751","53.896450","","-0.85%"
"09/16/2022","55.139900","54.452351","58.787750","54.090698","","1.54%"
"09/15/2022","54.305199","54.667500","60.171799","53.293751","","-0.58%"
"09/14/2022","54.619598","59.116650","59.529800","53.975948","","0.56%"
"09/13/2022","54.315399","55.364201","58.931198","53.285702","","-1.89%"
"09/12/2022","55.364201","56.138649","57.220402","53.972149","","-1.38%"
"09/09/2022","56.138649","56.023548","56.186798","54.416050","","0.45%"
"09/08/2022","55.886002","58.559650","58.792099","54.762798","","1.09%"
"09/07/2022","55.285099","55.851051","58.879002","54.184151","","-1.01%"
"09/06/2022","55.851051","55.676601","57.452999","54.927052","","0.28%"
"09/05/2022","55.697300","54.946548","58.296951","53.624401","","1.35%"
"09/02/2022","54.957500","54.946548","56.481949","54.242802","","-0.05%"
"09/01/2022","54.983051","55.211349","56.081699","53.549500","","-0.26%"
"08/31/2022","55.128651","54.895100","56.610600","54.239948","","0.43%"
"08/30/2022","54.895100","56.650501","56.920551","54.860550","","-3.10%"
"08/29/2022","56.648499","55.159100","60.230850","54.693352","","2.68%"
"08/26/2022","55.171051","58.701752","58.923599","53.641998","","-0.25%"
"08/25/2022","55.310848","54.866402","56.311550","54.264900","","0.90%"
"08/24/2022","54.818298","55.336601","58.947399","54.411652","","-0.93%"
"08/23/2022","55.334999","55.158649","56.161949","53.620998","","0.32%"
"08/22/2022","55.157051","54.502350","56.772549","52.299751","","1.41%"
"08/19/2022","54.390450","54.871849","55.629749","53.253700","","-0.87%"
"08/18/2022","54.870201","55.275150","56.175400","53.962799","","-0.73%"
"08/17/2022","55.275150","56.063900","56.737000","53.677250","","-1.40%"
"08/16/2022","56.062302","56.232449","57.058651","54.859299","","-0.28%"
"08/15/2022","56.220402","56.365452","57.351551","55.265598","","-0.26%"
"08/12/2022","56.365452","55.507099","57.371101","54.687599","","1.63%"
"08/11/2022","55.458801","56.450451","57.612701","54.147251","","-1.88%"
"08/10/2022","56.519199","55.582150","57.751751","54.310951","","1.77%"
"08/09/2022","55.533600","56.899399","59.511349","54.233452","","-2.39%"
"08/08/2022","56.895649","55.426350","57.989349","53.646549","","2.74%"
"08/05/2022","55.378101","56.781898","57.474152","53.943851","","-2.47%"
"08/04/2022","56.778099","55.978748","57.841801","53.978050","","1.63%"
"08/03/2022","55.864948","55.432949","58.166302","53.294350","","0.79%"
"08/02/2022","55.429199","56.672001","59.186798","53.396900","","-2.19%"
"08/01/2022","56.668251","57.046398","59.714298","54.399052","","-0.66%"
"07/29/2022","57.046398","57.297852","59.535301","54.848801","","-0.44%"
"07/28/2022","57.297852","54.261349","58.006302","53.429199","","5.69%"
"07/27/2022","54.213699","54.862450","57.380600","53.346298","","-1.19%"
"07/26/2022","54.866451","53.346249","56.651600","51.176651","","2.86%"
"07/25/2022","53.342548","53.114700","55.549500","51.084251","","0.21%"
"07/22/2022","53.229149","54.588951","55.439751","49.135948","","1.79%"
"07/21/2022","52.295502","51.343201","54.916000","49.209301","","1.86%"
"07/20/2022","51.339451","51.714649","52.797550","48.809700","","-0.73%"
"07/19/2022","51.714649","52.056198","53.550152","49.510399","","-0.61%"
"07/18/2022","52.033550","51.904400","56.116402","49.536900","","0.25%"
"07/15/2022","51.904400","53.217751","55.880699","50.646801","","-2.38%"
"07/14/2022","53.170601","53.474098","56.274601","52.150200","","-0.48%"
"07/13/2022","53.426800","53.501350","58.004501","52.336048","","-0.05%"
"07/12/2022","53.453999","59.523499","61.091751","52.540199","","-10.20%"
"07/11/2022","59.523499","60.897301","60.908798","53.849152","","0.15%"
"07/08/2022","59.431751","57.801701","61.759899","55.042500","","2.91%"
"07/07/2022","57.752300","59.704250","60.470551","56.266949","","-3.26%"
"07/06/2022","59.700451","57.554699","63.881149","55.208302","","3.74%"
"07/05/2022","57.550900","51.681049","63.116402","49.394451","","11.50%"
"07/04/2022","51.613449","49.770149","56.356850","48.640598","","3.70%"
"07/01/2022","49.770149","50.502899","54.378399","47.313499","","-1.67%"
"06/30/2022","50.617901","48.346149","51.714451","46.718552","","4.71%"
"06/29/2022","48.342449","49.770748","52.378151","45.509651","","-2.86%"
"06/28/2022","49.767052","49.082901","52.156952","47.645851","","1.49%"
"06/27/2022","49.037102","49.263500","52.205551","47.948299","","-0.46%"
"06/24/2022","49.263500","50.327148","52.830952","47.887451","","-2.11%"
"06/23/2022","50.323399","50.479198","52.089451","48.027351","","-0.29%"
"06/22/2022","50.470798","49.449501","51.311150","47.238049","","2.07%"
"06/21/2022","49.445801","50.791149","56.509251","47.598301","","-2.45%"
"06/20/2022","50.685799","53.425499","53.756199","49.316700","","-1.77%"
"06/17/2022","51.599049","52.308949","54.039600","49.859299","","-1.37%"
"06/16/2022","52.314751","52.235851","54.881649","50.298901","","3.31%"
"06/15/2022","50.639198","53.713902","54.916199","49.881100","","-5.00%"
"06/14/2022","53.303848","52.323650","54.877151","50.243801","","1.88%"
"06/13/2022","52.319950","52.930248","56.133701","49.694199","","-1.16%"
"06/10/2022","52.931351","53.258202","55.062752","50.623699","","1.06%"
"06/09/2022","52.374001","54.805599","55.973949","49.792198","","-4.43%"
"06/08/2022","54.801899","56.577751","57.288952","52.937450","","-1.96%"
"06/07/2022","55.898800","55.866451","57.374352","53.725601","","0.06%"
"06/06/2022","55.862701","57.665051","58.493099","53.593700","","-2.91%"
"06/03/2022","57.537899","57.646301","59.476398","54.480450","","-0.18%"
"06/02/2022","57.642551","57.837051","61.375648","54.970600","","-0.36%"
"06/01/2022","57.849251","57.124001","60.012348","54.850651","","1.72%"
"05/31/2022","56.869900","58.129051","59.137901","54.388199","","-1.95%"
"05/30/2022","58.002750","60.268398","62.631001","54.666050","","-3.76%"
"05/27/2022","60.268398","58.559299","62.940449","56.806301","","2.93%"
"05/26/2022","58.555550","54.555851","59.503300","51.282650","","7.33%"
"05/25/2022","54.557049","52.371498","55.209549","48.593552","","4.18%"
"05/24/2022","52.368099","52.846802","54.197151","49.227001","","-0.87%"
"05/23/2022","52.825748","56.782848","56.782848","50.619202","","-5.51%"
"05/20/2022","55.904251","56.028000","58.467499","51.726849","","-0.14%"
"05/19/2022","55.980202","58.177799","59.343651","54.146500","","-3.77%"
"05/18/2022","58.174099","58.662151","60.027500","55.158298","","-0.83%"
"05/17/2022","58.658451","57.887150","60.059052","55.614948","","1.34%"
"05/16/2022","57.883499","59.641449","60.113201","55.803452","","-2.95%"
"05/13/2022","59.641449","57.993599","60.489052","55.432701","","2.85%"
"05/12/2022","57.989899","59.684799","61.189400","56.189400","","-2.83%"
"05/11/2022","59.681099","62.601601","63.531151","58.204800","","-5.01%"
"05/10/2022","62.825550","62.927052","64.123550","60.133999","","0.02%"
"05/09/2022","62.814850","62.524052","65.562950","60.275002","","1.21%"
"05/06/2022","62.062649","58.238201","63.035648","56.974751","","6.29%"
"05/05/2022","58.388248","60.927650","61.330799","56.108349","","-1.45%"
"05/04/2022","59.247700","60.188900","62.163651","57.257099","","-3.01%"
"05/03/2022","61.083801","63.245850","64.904198","58.419849","","-3.52%"
"05/02/2022","63.313000","65.604752","66.192551","62.081249","","-3.49%"
"04/29/2022","65.604752","65.077400","66.369904","61.509548","","0.82%"
"04/28/2022","65.073700","65.852547","68.105301","62.801300","","-1.18%"
"04/27/2022","65.848801","66.170097","68.956001","64.062553","","-2.29%"
"04/26/2022","67.395401","66.819351","68.210251","63.945148","","1.03%"
"04/25/2022","66.708199","68.693703","71.713898","64.213150","","-2.76%"
"04/22/2022","68.598846","71.562302","72.168503","66.337852","","-4.14%"
"04/21/2022","71.558548","73.349152","74.700996","66.506447","","-1.85%"
"04/20/2022","72.905952","71.722702","76.100098","69.294899","","1.65%"
"04/19/2022","71.722702","71.936600","73.159599","69.163048","","-0.25%"
"04/18/2022","71.901253","73.542252","74.669098","69.792397","","0.74%"
"04/15/2022","71.375298","72.994949","73.805000","70.487503","","-2.19%"
"04/14/2022","72.971153","72.781853","74.705299","70.971046","","0.27%"
"04/13/2022","72.778152","75.457603","76.078148","70.284500","","-3.55%"
"04/12/2022","75.457603","73.706848","76.794403","70.074501","","2.38%"
"04/11/2022","73.703102","69.521698","76.417603","68.864548","","4.36%"
"04/08/2022","70.621696","68.549797","72.093849","66.254547","","1.40%"
"04/07/2022","69.648247","73.875954","74.113503","67.639648","","-4.01%"
"04/06/2022","72.556747","73.941048","75.315399","70.992500","","-1.95%"
"04/05/2022","74.001350","73.187599","75.646301","71.895203","","0.51%"
"04/04/2022","73.625847","78.916397","80.290298","69.753548","","-2.08%"
"04/01/2022","75.189850","71.742798","78.824203","71.084602","","4.80%"
"03/31/2022","71.742798","73.247147","76.535103","68.881248","","-2.05%"
"03/30/2022","73.247147","76.442947","80.834953","69.281197","","-3.95%"
"03/29/2022","76.260201","82.796547","86.989998","71.355949","","-7.89%"
"03/28/2022","82.796547","92.064453","92.673553","79.745300","","-8.55%"
"03/25/2022","90.541000","88.842049","93.094948","82.143448","","1.91%"
"03/24/2022","88.842049","84.063454","91.882149","80.325951","","5.68%"
"03/23/2022","84.063454","91.274551","95.139702","80.348198","","-8.77%"
"03/22/2022","92.143349","92.665001","97.464401","87.319748","","-0.56%"
"03/21/2022","92.665001","47.198551","100.575348","85.844849","","0.14%"
"03/18/2022","92.534302","91.826599","99.882301","86.359596","","2.00%"
"03/17/2022","90.723000","86.496048","96.527802","83.295853","","4.89%"
"03/16/2022","86.496048","97.718300","107.352051","86.054749","","-10.98%"
"03/15/2022","97.160454","108.767349","112.853302","92.318947","","-12.14%"
"03/14/2022","110.580101","120.582047","121.988853","99.985001","","-9.29%"
"03/11/2022","121.901047","122.488449","125.696648","102.990402","","0.05%"
"03/10/2022","121.838997","124.102402","128.452850","105.794098","","-3.25%"
"03/09/2022","125.934097","116.983948","127.652397","106.006203","","7.63%"
"03/08/2022","117.005150","131.203903","131.203903","111.040298","","-10.83%"
"03/07/2022","131.216049","112.312851","145.241806","108.371101","","16.83%"
"03/04/2022","112.312851","100.686951","117.336548","91.668747","","11.40%"
"03/03/2022","100.820801","94.607697","109.010246","88.647751","","6.68%"
"03/02/2022","94.504852","99.840652","106.290253","87.820503","","-5.34%"
"03/01/2022","99.840652","94.045853","109.120148","82.225403","","2.37%"
"02/28/2022","97.533798","77.256699","106.478699","77.256699","","26.31%"
"02/25/2022","77.217003","77.805847","79.955452","74.797752","","-0.26%"
"02/24/2022","77.421700","74.862251","83.198647","74.280800","","3.47%"
"02/23/2022","74.823303","72.711403","75.515198","72.260353","","3.52%"
"02/22/2022","72.275902","74.022346","74.660149","72.215851","","-2.03%"
"02/21/2022","73.774002","71.898300","74.109550","70.228401","","3.70%"
"02/18/2022","71.143600","70.243599","71.508949","69.667099","","1.59%"
"02/17/2022","70.027000","69.281754","70.739700","69.050003","","1.34%"
"02/16/2022","69.103600","69.642151","69.809753","69.035652","","-0.35%"
"02/15/2022","69.345001","70.550552","70.869003","69.266953","","-1.29%"
"02/14/2022","70.248802","71.338051","71.977150","69.943703","","-0.65%"
"02/11/2022","70.711197","69.136803","71.545197","68.930649","","2.48%"
"02/10/2022","68.997101","69.058296","69.355751","68.434853","","0.20%"
"02/09/2022","68.860397","69.229652","69.499748","68.565147","","-0.23%"
"02/08/2022","69.021301","69.399696","69.799202","69.035202","","-0.38%"
"02/07/2022","69.285500","70.052902","70.200851","69.372452","","-0.47%"
"02/04/2022","69.610802","70.382202","70.754753","69.736504","","-0.55%"
"02/03/2022","69.994598","70.272552","70.972099","70.141853","","-0.29%"
"02/02/2022","70.196198","71.105698","71.195702","69.940048","","-1.03%"
"02/01/2022","70.923401","71.571503","71.968597","70.627502","","-0.75%"
"01/31/2022","71.460602","72.034103","72.268204","71.366203","","-0.97%"
"01/28/2022","72.158302","72.184303","72.604752","71.555397","","0.16%"
"01/27/2022","72.041100","73.253548","73.824448","71.523003","","-1.49%"
"01/26/2022","73.130699","72.763947","74.401802","72.466949","","0.82%"
"01/25/2022","72.533203","72.857651","73.345299","72.276749","","-0.01%"
"01/24/2022","72.542000","71.450699","73.526047","71.113197","","2.04%"
"01/21/2022","71.093697","70.950050","71.739601","70.514351","","0.48%"
"01/20/2022","70.753601","70.418152","71.017700","70.139847","","0.69%"
"01/19/2022","70.265800","71.198547","71.484154","70.102501","","-0.91%"
"01/18/2022","70.910797","70.291451","71.361198","69.895248","","1.13%"
"01/17/2022","70.118202","70.327751","70.847954","69.763100","","-0.17%"
"01/14/2022","70.238800","70.471848","71.163750","69.839653","","-0.08%"
"01/13/2022","70.294800","68.689552","70.678200","68.501953","","2.64%"
"01/12/2022","68.485802","68.587700","69.227699","68.407600","","0.23%"
"01/11/2022","68.327797","69.178902","69.414146","68.448547","","-0.87%"
"01/10/2022","68.924797","70.000900","70.184151","69.006248","","-1.09%"
"01/07/2022","69.686798","70.669403","70.860550","69.415100","","-1.25%"
"01/06/2022","70.571098","71.015099","71.552750","70.259804","","-0.47%"
"01/05/2022","70.906898","69.594200","71.132401","69.490898","","2.01%"
"01/04/2022","69.512299","68.778503","69.878151","68.652298","","1.46%"
"01/03/2022","68.514702","69.119247","69.616203","68.547050","","-0.52%"
"12/31/2021","68.873901","68.994751","69.752701","68.779297","","0.10%"
"12/30/2021","68.807297","68.252853","69.456146","68.061951","","1.31%"
"12/29/2021","67.918198","68.084152","68.604752","68.011147","","-0.13%"
"12/28/2021","68.008598","67.929749","68.448997","67.727654","","0.43%"
"12/27/2021","67.714600","68.160202","68.291153","67.688652","","-0.19%"
"12/24/2021","67.845596","67.838097","68.364952","67.583054","","0.49%"
"12/23/2021","67.515900","67.910896","68.210503","67.462051","","-0.28%"
"12/22/2021","67.706596","68.286148","68.595703","67.795448","","-0.54%"
"12/21/2021","68.073402","68.590302","68.721703","68.142052","","-0.60%"
"12/20/2021","68.483498","68.356796","68.943199","68.204803","","0.66%"
"12/17/2021","68.033401","68.117752","68.767448","67.813904","","0.28%"
"12/16/2021","67.842499","67.953751","68.312653","67.668404","","0.01%"
"12/15/2021","67.833801","68.061752","68.675949","67.755852","","-0.02%"
"12/14/2021","67.848602","67.920799","68.252197","67.604202","","0.29%"
"12/13/2021","67.652397","67.900597","68.151253","67.673050","","-0.08%"
"12/10/2021","67.708702","68.140549","68.429398","67.728897","","0.07%"
"12/09/2021","67.661400","68.894302","69.108704","67.899750","","-1.43%"
"12/08/2021","68.640198","68.750153","69.058548","68.033203","","0.26%"
"12/07/2021","68.463203","68.930099","69.253899","68.391151","","-0.26%"
"12/06/2021","68.644302","68.650352","69.215599","68.171051","","0.53%"
"12/03/2021","68.281403","68.445297","68.825050","68.030602","","0.12%"
"12/02/2021","68.201103","68.773903","69.122849","68.145950","","-0.30%"
"12/01/2021","68.405899","68.643303","69.176102","68.325249","","-0.10%"
"11/30/2021","68.476402","69.128502","69.857750","68.530647","","-0.37%"
"11/29/2021","68.731598","69.999496","70.100647","68.792999","","-1.80%"
"11/26/2021","69.992950","69.418152","70.559151","69.236954","","0.97%"
"11/25/2021","69.323898","69.618698","69.918900","69.295799","","0.09%"
"11/24/2021","69.260101","68.986748","69.896553","68.842300","","0.44%"
"11/23/2021","68.953697","69.697647","69.964600","68.662849","","-0.83%"
"11/22/2021","69.532303","68.544151","69.878197","68.081398","","2.06%"
"11/19/2021","68.130203","67.894997","68.608353","67.495453","","0.53%"
"11/18/2021","67.768700","67.532204","68.158653","67.236099","","0.95%"
"11/17/2021","67.130096","68.030296","68.374649","67.197250","","-1.27%"
"11/16/2021","67.991203","67.632103","68.524651","67.351151","","0.76%"
"11/15/2021","67.479301","67.835800","68.020401","67.064903","","-0.33%"
"11/12/2021","67.704597","66.701553","68.283447","66.482750","","1.81%"
"11/11/2021","66.501099","66.488052","66.893547","66.149246","","0.20%"
"11/10/2021","66.369400","66.223450","66.744553","65.876953","","0.70%"
"11/09/2021","65.906998","66.579102","66.841248","66.050148","","-0.45%"
"11/08/2021","66.205299","66.461304","66.885696","66.326302","","-0.15%"
"11/05/2021","66.305099","66.850647","67.383904","66.328201","","-0.64%"
"11/04/2021","66.728897","67.137550","67.367599","66.445297","","-0.37%"
"11/03/2021","66.978996","66.786598","67.610046","66.474098","","0.73%"
"11/02/2021","66.496300","66.927002","67.356400","66.639847","","-0.17%"
"11/01/2021","66.612099","66.459251","67.218948","66.259003","","0.39%"
"10/29/2021","66.355499","65.762749","66.553551","65.629898","","1.07%"
"10/28/2021","65.653198","66.163948","66.390747","65.542397","","-0.65%"
"10/27/2021","66.083801","65.075951","66.262650","64.778450","","1.85%"
"10/26/2021","64.885101","65.239853","65.480301","64.792503","","-0.28%"
"10/25/2021","65.064201","65.713348","65.899597","65.037102","","-0.87%"
"10/22/2021","65.633598","66.555847","66.720299","65.316101","","-1.06%"
"10/21/2021","66.337799","66.392754","66.834152","66.019951","","0.08%"
"10/20/2021","66.285454","66.277298","66.754150","65.913101","","0.27%"
"10/19/2021","66.104301","66.651947","66.787750","66.076248","","-0.78%"
"10/18/2021","66.626503","66.356354","66.877953","66.161797","","0.90%"
"10/15/2021","66.031097","66.788551","66.907852","66.122902","","-0.57%"
"10/14/2021","66.409203","67.362450","67.506203","66.500153","","-1.15%"
"10/13/2021","67.182404","67.269302","67.599152","67.047897","","0.16%"
"10/12/2021","67.076302","67.316399","67.541153","67.004799","","-0.02%"
"10/11/2021","67.092102","67.209801","67.456398","66.994598","","-0.32%"
"10/08/2021","67.307549","67.257446","67.600952","66.944099","","0.44%"
"10/07/2021","67.011703","67.897949","68.046753","66.948196","","-1.13%"
"10/06/2021","67.776199","67.667953","68.151047","67.496750","","0.33%"
"10/05/2021","67.553101","67.860153","68.118248","67.415199","","-0.18%"
"10/04/2021","67.673401","67.994751","68.317101","67.640701","","-0.26%"
"10/01/2021","67.848396","67.949699","68.547699","67.834846","","0.00%"
"09/30/2021","67.848396","68.214050","68.546402","67.750900","","0.14%"
"09/29/2021","67.754402","68.171799","68.535248","67.913452","","-0.47%"
"09/28/2021","68.077103","68.166252","68.472153","67.858452","","0.13%"
"09/27/2021","67.986702","68.262497","68.503548","67.661102","","-0.18%"
"09/24/2021","68.107048","68.155998","68.625648","67.841553","","-0.02%"
"09/23/2021","68.120903","68.387947","68.517303","67.880653","","-0.12%"
"09/22/2021","68.201401","68.508797","68.770599","67.832802","","-0.19%"
"09/21/2021","68.329102","68.736702","69.009453","68.115196","","-0.19%"
"09/20/2021","68.460701","68.153297","69.067146","67.946404","","0.45%"
"09/17/2021","68.152100","67.784752","68.509651","67.718353","","0.88%"
"09/16/2021","67.556099","67.526802","68.156403","67.328003","","0.45%"
"09/15/2021","67.253899","68.175850","68.661598","67.385452","","-1.38%"
"09/14/2021","68.191704","68.149452","68.533997","67.915047","","0.21%"
"09/13/2021","68.046402","68.661453","68.791451","68.062447","","-0.46%"
"09/10/2021","68.358002","68.363899","68.810654","68.085251","","0.14%"
"09/09/2021","68.263000","68.557152","68.788101","68.208252","","-0.03%"
"09/08/2021","68.284897","68.548698","68.954353","68.414101","","-0.19%"
"09/07/2021","68.417297","68.439552","68.807297","68.231049","","0.12%"
"09/06/2021","68.336197","68.228699","68.542099","68.104599","","0.28%"
"09/03/2021","68.145103","68.225998","68.618851","67.981598","","-0.12%"
"09/02/2021","68.226303","68.433449","68.524849","68.123047","","-0.18%"
"09/01/2021","68.346603","68.736000","68.973900","68.222351","","-0.22%"
"08/31/2021","68.494102","69.010551","69.123848","68.564903","","-0.54%"
"08/30/2021","68.869202","69.127197","69.293549","68.771751","","-0.07%"
"08/27/2021","68.919701","69.807953","69.899803","68.929451","","-1.01%"
"08/26/2021","69.620300","69.380501","70.043251","69.167747","","0.61%"
"08/25/2021","69.194901","69.308899","69.733948","69.085701","","0.20%"
"08/24/2021","69.054100","69.593948","69.834251","69.206947","","-0.52%"
"08/23/2021","69.412598","69.806900","69.983353","69.360802","","-0.50%"
"08/20/2021","69.761200","69.850098","70.266098","69.537003","","0.50%"
"08/19/2021","69.413002","69.330803","70.092346","69.191299","","0.64%"
"08/18/2021","68.973999","69.243050","69.581398","68.752899","","0.17%"
"08/17/2021","68.856102","68.782204","69.359947","68.630249","","0.36%"
"08/16/2021","68.611603","68.637154","69.049454","68.447952","","0.25%"
"08/13/2021","68.443100","68.970551","69.097351","68.481651","","-0.62%"
"08/12/2021","68.869499","68.945801","69.184052","68.726898","","0.28%"
"08/11/2021","68.679298","69.447403","69.663498","68.790749","","-0.92%"
"08/10/2021","69.319603","69.304398","69.703796","69.081596","","0.14%"
"08/09/2021","69.221199","69.102600","69.391502","68.906197","","0.26%"
"08/06/2021","69.043098","68.899597","69.245300","68.720749","","0.52%"
"08/05/2021","68.685799","68.754349","69.103401","68.631500","","0.02%"
"08/04/2021","68.670998","68.566147","69.060799","68.285751","","0.30%"
"08/03/2021","68.464996","68.514153","68.819603","68.314453","","0.21%"
"08/02/2021","68.322502","68.734299","69.013702","68.193604","","-0.45%"
"07/30/2021","68.629204","68.989700","69.148300","68.374901","","-0.18%"
"07/29/2021","68.751099","69.052002","69.183746","68.579498","","-0.18%"
"07/28/2021","68.877098","69.110603","69.505501","68.779053","","-0.24%"
"07/27/2021","69.040703","69.092552","69.607353","68.869904","","0.04%"
"07/26/2021","69.011497","69.351097","69.882301","69.032204","","-0.57%"
"07/23/2021","69.404503","69.537201","69.696854","69.183296","","0.05%"
"07/22/2021","69.368500","69.781052","69.944649","69.418648","","-0.43%"
"07/21/2021","69.664597","70.315598","70.449799","69.601646","","-0.50%"
"07/20/2021","70.016403","70.595749","70.656097","70.010498","","-0.46%"
"07/19/2021","70.339798","69.716003","70.661598","69.689651","","1.06%"
"07/16/2021","69.600403","69.855652","70.033798","69.499352","","-0.07%"
"07/15/2021","69.651497","69.538399","70.039749","69.339149","","-0.08%"
"07/14/2021","69.705452","69.811447","70.100349","69.270248","","-0.06%"
"07/13/2021","69.745903","70.100403","70.120796","69.458252","","-0.16%"
"07/12/2021","69.858704","69.991402","70.445396","69.791397","","-0.11%"
"07/09/2021","69.937798","70.364349","70.422150","69.732697","","-0.26%"
"07/08/2021","70.121902","70.346298","70.943550","69.952003","","0.06%"
"07/07/2021","70.079597","70.356354","70.619850","69.726097","","0.00%"
"07/06/2021","70.077301","69.162552","70.624847","69.041847","","1.49%"
"07/05/2021","69.047997","68.921448","69.549049","68.902252","","0.31%"
"07/02/2021","68.832397","69.362999","69.717796","68.889801","","-0.53%"
"07/01/2021","69.198303","69.011398","69.642502","68.645401","","0.48%"
"06/30/2021","68.870300","68.645302","69.284554","68.461647","","0.51%"
"06/29/2021","68.523903","68.201553","69.027603","67.939301","","0.38%"
"06/28/2021","68.263802","68.341949","68.531403","67.902748","","0.22%"
"06/25/2021","68.115196","68.419151","68.687851","67.907547","","-0.21%"
"06/24/2021","68.261803","68.704002","68.831451","68.069199","","-0.33%"
"06/23/2021","68.486099","68.888603","69.215897","68.208199","","-0.37%"
"06/22/2021","68.739304","69.063004","69.397652","68.595001","","-0.27%"
"06/21/2021","68.922798","68.889397","69.441101","68.667953","","0.25%"
"06/18/2021","68.751297","68.326851","69.011597","68.118149","","0.73%"
"06/17/2021","68.251198","68.444054","68.725052","67.910004","","0.00%"
"06/16/2021","68.252899","68.041351","68.618301","67.610252","","0.49%"
"06/15/2021","67.921700","67.973900","68.311699","67.611252","","0.16%"
"06/14/2021","67.810402","68.036301","68.346252","67.759949","","0.13%"
"06/11/2021","67.725601","67.816650","68.385750","67.541801","","0.02%"
"06/10/2021","67.714401","68.451149","68.776253","67.661751","","-1.04%"
"06/09/2021","68.427299","68.477348","68.648903","68.030998","","0.07%"
"06/08/2021","68.381599","69.181549","69.397453","68.411499","","-0.92%"
"06/07/2021","69.014397","69.209000","69.469200","68.962753","","0.12%"
"06/04/2021","68.931099","69.479149","69.708450","68.934250","","-0.38%"
"06/03/2021","69.192497","69.318748","69.670700","69.141251","","-0.02%"
"06/02/2021","69.205902","69.763550","70.001053","69.093750","","-0.44%"
"06/01/2021","69.513702","69.458801","69.831902","69.179352","","0.34%"
"05/31/2021","69.278801","69.183899","69.631897","69.034950","","0.46%"
"05/28/2021","68.964104","69.375099","69.720154","68.913803","","-0.36%"
"05/27/2021","69.210602","69.286552","69.683601","69.066750","","0.04%"
"05/26/2021","69.184700","69.334801","69.709648","69.092949","","-0.09%"
"05/25/2021","69.249298","69.561798","69.669998","69.022453","","0.04%"
"05/24/2021","69.224297","69.595001","69.932053","69.154999","","-0.19%"
"05/21/2021","69.352898","69.420403","69.784203","69.201698","","0.11%"
"05/20/2021","69.274399","69.693649","70.079102","69.236954","","-0.45%"
"05/19/2021","69.584801","69.633553","69.940552","69.374352","","0.23%"
"05/18/2021","69.426003","69.966499","70.191254","69.481697","","-0.39%"
"05/17/2021","69.699600","70.139503","70.300949","69.721451","","-0.38%"
"05/14/2021","69.963097","70.218147","70.375702","69.847000","","-0.17%"
"05/13/2021","70.084396","70.820396","70.907753","69.861603","","-0.67%"
"05/12/2021","70.558197","70.459549","70.977997","70.053902","","0.64%"
"05/11/2021","70.110298","70.587448","70.811203","70.001152","","-0.50%"
"05/10/2021","70.464500","70.173248","70.782753","69.919502","","0.74%"
"05/07/2021","69.944901","70.773849","70.945297","69.856552","","-1.00%"
"05/06/2021","70.652100","71.231201","71.471001","70.421204","","-0.47%"
"05/05/2021","70.983101","71.075249","71.435249","70.801552","","0.15%"
"05/04/2021","70.876900","71.261551","71.640953","70.805397","","-0.32%"
"05/03/2021","71.101402","71.556602","72.116150","71.013100","","-0.40%"
"04/30/2021","71.390503","71.075897","71.685852","70.830704","","0.79%"
"04/29/2021","70.831001","70.803352","71.260101","70.482147","","0.26%"
"04/28/2021","70.650398","71.230598","71.351196","70.492554","","-0.61%"
"04/27/2021","71.087303","71.121651","71.433800","70.833153","","0.09%"
"04/26/2021","71.021202","71.045502","71.520851","70.781898","","0.24%"
"04/23/2021","70.849998","71.706802","71.918747","70.839348","","-1.21%"
"04/22/2021","71.714798","72.683502","72.833946","71.311302","","-0.84%"
"04/21/2021","72.319000","73.025597","73.433952","72.339600","","-0.68%"
"04/20/2021","72.811996","72.577499","73.312698","72.139603","","0.53%"
"04/19/2021","72.427597","72.197250","72.774948","72.062950","","0.49%"
"04/16/2021","72.074898","72.765503","73.034950","71.684547","","-0.71%"
"04/15/2021","72.588097","72.185951","73.891953","72.141701","","0.80%"
"04/14/2021","72.013000","72.432648","72.579147","71.760551","","-0.40%"
"04/13/2021","72.303802","73.849052","74.115402","72.090446","","-1.91%"
"04/12/2021","73.710800","73.892998","74.253647","73.546501","","-0.10%"
"04/09/2021","73.786598","73.364449","74.046402","73.195450","","0.81%"
"04/08/2021","73.196602","73.455299","73.934898","73.105850","","-0.21%"
"04/07/2021","73.348099","73.742401","74.562447","73.318451","","-0.20%"
"04/06/2021","73.493698","72.847649","73.949097","72.714951","","0.96%"
"04/05/2021","72.791298","73.068947","73.334503","72.490799","","-0.27%"
"04/02/2021","72.986298","72.953850","73.174896","72.421852","","0.35%"
"04/01/2021","72.731903","72.148247","73.101051","71.979103","","0.94%"
"03/31/2021","72.055496","72.408852","72.866547","71.655998","","-0.28%"
"03/30/2021","72.254204","72.093903","72.828102","71.880600","","0.43%"
"03/29/2021","71.947998","72.078049","72.658951","71.868599","","0.01%"
"03/26/2021","71.942902","72.687950","72.815201","71.875450","","-0.47%"
"03/25/2021","72.283096","72.892448","73.112648","72.174850","","-0.72%"
"03/24/2021","72.804100","72.793648","73.404198","72.124901","","0.28%"
"03/23/2021","72.599800","71.196701","72.911652","71.065552","","2.25%"
"03/22/2021","71.004303","71.166252","71.484848","70.550453","","0.76%"
"03/19/2021","70.470497","70.639648","70.877548","70.130753","","-0.03%"
"03/18/2021","70.494003","69.994850","70.869797","69.778648","","0.73%"
"03/17/2021","69.980598","69.062897","70.545700","68.975754","","1.66%"
"03/16/2021","68.835403","69.376450","69.575996","68.823151","","-0.06%"
"03/15/2021","68.879601","69.646103","69.969597","69.077850","","-0.51%"
"03/12/2021","69.230797","69.755150","70.209953","69.442451","","-0.63%"
"03/11/2021","69.668198","70.115753","70.400703","69.539703","","-0.27%"
"03/10/2021","69.854897","70.519150","70.771751","69.846451","","-0.60%"
"03/09/2021","70.275200","70.944099","71.259453","70.243248","","-0.79%"
"03/08/2021","70.836403","70.875648","71.509300","70.467850","","0.20%"
"03/05/2021","70.696297","71.197800","71.592552","70.492050","","-0.57%"
"03/04/2021","71.099503","70.545601","71.551399","69.984100","","0.89%"
"03/03/2021","70.471901","70.285500","70.705002","69.833504","","0.44%"
"03/02/2021","70.161598","70.615799","71.093948","69.949654","","-0.54%"
"03/01/2021","70.542801","70.653748","71.093102","70.215652","","0.17%"
"02/26/2021","70.420197","70.897003","71.287804","70.292900","","-0.53%"
"02/25/2021","70.794098","69.635353","71.069649","69.461502","","1.84%"
"02/24/2021","69.515701","70.309998","70.523903","69.507751","","-0.84%"
"02/23/2021","70.103996","70.496849","70.520103","69.903053","","-0.38%"
"02/22/2021","70.370300","70.331497","71.393250","70.096298","","0.27%"
"02/19/2021","70.179398","70.240852","70.625099","70.039551","","0.01%"
"02/18/2021","70.173897","70.094704","70.578201","69.781754","","0.26%"
"02/17/2021","69.993896","69.938004","70.692001","69.752296","","0.20%"
"02/16/2021","69.854401","69.574852","70.336952","69.365898","","0.57%"
"02/15/2021","69.461601","69.937553","70.166451","69.354950","","-0.46%"
"02/12/2021","69.780899","69.994652","71.201752","69.747353","","-0.06%"
"02/11/2021","69.822098","70.180801","70.656647","69.826248","","-0.41%"
"02/10/2021","70.108299","70.171600","70.683151","69.925102","","0.09%"
"02/09/2021","70.047600","70.587898","71.050049","70.111198","","-0.61%"
"02/08/2021","70.474800","70.821999","71.455948","70.335747","","-0.31%"
"02/05/2021","70.695900","71.652603","72.390953","70.690048","","-1.12%"
"02/04/2021","71.500198","72.045250","72.651649","71.550949","","-0.57%"
"02/03/2021","71.913498","72.294151","72.776901","71.830452","","-0.40%"
"02/02/2021","72.198898","72.186302","72.709000","71.550751","","0.17%"
"02/01/2021","72.075699","72.078247","72.895897","71.626198","","0.57%"
"01/29/2021","71.665001","72.250298","73.056396","71.504646","","-0.61%"
"01/28/2021","72.103798","72.106796","73.227303","71.898804","","0.22%"
"01/27/2021","71.947601","71.392349","72.711952","71.014053","","0.95%"
"01/26/2021","71.270401","71.665298","72.137451","71.185997","","-0.44%"
"01/25/2021","71.586502","71.723503","72.362549","70.987396","","0.08%"
"01/22/2021","71.531898","70.387398","71.981903","70.236900","","1.91%"
"01/21/2021","70.192101","69.994598","70.793800","69.682701","","0.50%"
"01/20/2021","69.846100","70.295349","70.603653","69.657547","","-0.36%"
"01/19/2021","70.099297","70.397049","70.695450","69.891647","","-0.21%"
"01/18/2021","70.248703","70.179153","71.112801","70.179153","","0.41%"
"01/15/2021","69.964302","70.028603","70.701950","69.846451","","0.26%"
"01/14/2021","69.782501","70.508499","70.788696","69.671700","","-0.84%"
"01/13/2021","70.372200","70.131401","70.881554","70.035400","","0.40%"
"01/12/2021","70.094597","71.439102","71.720947","70.002647","","-1.95%"
"01/11/2021","71.492104","70.890450","71.842300","70.694649","","1.26%"
"01/08/2021","70.599602","71.480103","71.721397","70.566650","","-0.84%"
"01/07/2021","71.195503","70.736954","71.941147","70.385948","","0.99%"
"01/06/2021","70.496902","71.051300","71.150749","70.127052","","-0.54%"
"01/05/2021","70.881699","71.295753","72.055298","70.551903","","-0.24%"
"01/04/2021","71.052101","70.579102","71.474998","69.848297","","0.93%"
"01/01/2021","70.397499","70.654099","70.654099","70.579102","","0.00%"
"12/31/2020","70.397499","71.004448","71.871498","70.384300","","-0.47%"
"12/30/2020","70.728996","70.634354","71.700203","70.142349","","0.37%"
"12/29/2020","70.465103","70.486847","71.103302","70.010597","","-0.04%"
"12/28/2020","70.495598","70.709999","71.033951","70.049049","","-0.19%"
"12/25/2020","70.628502","70.705002","70.931198","70.263252","","0.26%"
"12/24/2020","70.443703","71.609398","72.018646","70.448502","","-1.44%"
"12/23/2020","71.471100","72.452950","72.671097","71.322403","","-1.25%"
"12/22/2020","72.376801","71.325851","72.642403","71.189301","","1.72%"
"12/21/2020","71.151398","70.178650","72.145149","70.178650","","1.81%"
"12/18/2020","69.888496","69.807602","70.654099","69.552597","","0.68%"
"12/17/2020","69.418701","70.184402","70.324600","69.363899","","-0.67%"
"12/16/2020","69.889297","69.904648","70.561600","69.847153","","0.44%"
"12/15/2020","69.580803","70.560753","71.227150","69.794052","","-1.10%"
"12/14/2020","70.352203","69.993553","70.870750","69.830551","","0.82%"
"12/11/2020","69.776604","69.998550","70.722252","69.730400","","-0.13%"
"12/10/2020","69.869301","70.510452","71.217850","69.823952","","-0.78%"
"12/09/2020","70.419197","70.325401","71.242401","70.050148","","0.33%"
"12/08/2020","70.187103","70.615303","70.944946","69.937752","","-0.42%"
"12/07/2020","70.484299","71.077202","71.937103","70.170853","","-0.62%"
"12/04/2020","70.924202","71.543297","71.977303","70.701553","","-0.15%"
"12/03/2020","71.028702","71.969200","72.781853","71.130852","","-1.11%"
"12/02/2020","71.826797","72.687248","73.353600","71.863548","","-1.10%"
"12/01/2020","72.624496","73.316650","73.745453","72.389351","","-0.74%"
"11/30/2020","73.164703","73.278847","73.752151","72.823402","","0.57%"
"11/27/2020","72.750397","72.652847","73.695648","72.540649","","0.27%"
"11/26/2020","72.551498","72.569153","73.153099","72.305199","","0.18%"
"11/25/2020","72.420303","72.515404","73.079697","72.268250","","0.10%"
"11/24/2020","72.347397","73.045853","73.498550","72.260597","","-0.87%"
"11/23/2020","72.980797","73.267052","73.800346","72.781799","","-0.24%"
"11/20/2020","73.153603","73.237000","73.821251","72.980698","","-0.01%"
"11/19/2020","73.163200","73.121452","73.881401","73.002998","","0.28%"
"11/18/2020","72.960503","73.405403","73.906197","72.857498","","-0.41%"
"11/17/2020","73.258400","73.487152","74.119797","73.160049","","0.07%"
"11/16/2020","73.207298","74.568298","74.771698","73.227699","","-1.47%"
"11/13/2020","74.299004","74.410301","75.086700","74.092796","","-0.33%"
"11/12/2020","74.542801","74.361351","74.964897","73.921700","","0.56%"
"11/11/2020","74.124298","73.738747","74.531601","73.267754","","0.72%"
"11/10/2020","73.595802","73.685699","74.308250","73.309601","","0.52%"
"11/09/2020","73.215103","74.781647","74.951599","72.979446","","-1.35%"
"11/06/2020","74.213303","74.108299","75.318153","73.931450","","0.25%"
"11/05/2020","74.028099","74.866249","76.080147","73.997299","","-0.92%"
"11/04/2020","74.717598","76.378548","77.035950","74.686050","","-1.94%"
"11/03/2020","76.197502","77.688301","77.920403","76.209953","","-1.64%"
"11/02/2020","77.471397","76.690453","78.174751","76.589401","","1.19%"
"10/30/2020","76.560402","76.142349","76.945198","75.942749","","0.75%"
"10/29/2020","75.989304","76.273453","76.922752","75.804901","","-0.17%"
"10/28/2020","76.119301","74.527649","76.586548","74.397049","","2.59%"
"10/27/2020","74.197998","73.821503","74.763199","73.566498","","0.91%"
"10/26/2020","73.530602","73.494049","74.038200","73.351097","","0.26%"
"10/23/2020","73.336899","73.980202","74.271851","73.356300","","-0.30%"
"10/22/2020","73.556099","74.109703","74.868553","73.596947","","-0.26%"
"10/21/2020","73.747101","74.552750","74.753502","73.788048","","-0.77%"
"10/20/2020","74.317497","75.005203","75.376801","74.438499","","-0.45%"
"10/19/2020","74.653297","75.018700","75.365448","74.610252","","-0.42%"
"10/16/2020","74.968002","75.226402","75.851952","74.870697","","0.13%"
"10/15/2020","74.870102","75.060600","75.869049","74.820152","","0.09%"
"10/14/2020","74.801201","74.339752","75.238853","74.159248","","0.88%"
"10/13/2020","74.150200","74.313347","74.849403","74.017403","","0.15%"
"10/12/2020","74.038002","74.249397","74.738701","74.063454","","-0.08%"
"10/09/2020","74.096001","74.851547","75.020752","74.126099","","-0.77%"
"10/08/2020","74.667999","75.496147","75.686302","74.674896","","-0.92%"
"10/07/2020","75.359901","75.848549","75.971550","75.267303","","-0.52%"
"10/06/2020","75.754303","75.576248","76.037201","74.973701","","0.39%"
"10/05/2020","75.462997","75.761047","76.831253","75.450546","","-0.17%"
"10/02/2020","75.595001","74.841454","76.831650","74.486450","","1.46%"
"10/01/2020","74.508202","75.238602","75.430099","74.555252","","-0.76%"
"09/30/2020","75.078300","76.623848","77.387703","75.088852","","-1.80%"
"09/29/2020","76.455704","76.575752","77.933052","76.004852","","-0.09%"
"09/28/2020","76.526604","75.759598","77.198151","75.694397","","1.21%"
"09/25/2020","75.609200","74.719200","76.197952","74.518547","","1.56%"
"09/24/2020","74.446899","74.749748","75.506401","74.314796","","-0.18%"
"09/23/2020","74.582199","73.761398","74.989151","73.470901","","1.43%"
"09/22/2020","73.527802","73.893402","74.662750","73.378502","","-0.30%"
"09/21/2020","73.751297","73.563751","74.561996","73.160149","","0.40%"
"09/18/2020","73.457802","72.967003","73.828651","72.652550","","0.98%"
"09/17/2020","72.744797","72.818848","73.508751","72.651299","","0.48%"
"09/16/2020","72.398102","73.016151","73.509003","72.493797","","-0.34%"
"09/15/2020","72.647301","73.168449","73.515800","72.556999","","-0.47%"
"09/14/2020","72.987900","72.896446","73.612350","72.616203","","0.46%"
"09/11/2020","72.652100","73.269348","73.453949","72.746498","","-0.36%"
"09/10/2020","72.914001","73.349701","73.709503","72.667099","","-0.28%"
"09/09/2020","73.119499","74.193199","74.530197","73.131104","","-1.36%"
"09/08/2020","74.127800","73.772301","74.608200","73.531898","","0.74%"
"09/07/2020","73.580803","73.323700","74.269798","73.203751","","0.53%"
"09/04/2020","73.193802","73.312302","73.798553","72.974548","","-0.01%"
"09/03/2020","73.203796","73.485252","73.913902","72.909447","","0.09%"
"09/02/2020","73.134499","71.910248","73.760353","71.505997","","1.70%"
"09/01/2020","71.910400","72.088547","72.221001","71.457947","","0.10%"
"08/31/2020","71.838600","72.255653","72.709846","71.712349","","-0.32%"
"08/28/2020","72.071404","73.163254","73.309753","72.022400","","-0.94%"
"08/27/2020","72.753601","73.626350","73.896500","72.723198","","-0.94%"
"08/26/2020","73.445396","73.292900","74.281647","73.153603","","0.50%"
"08/25/2020","73.081902","72.913498","73.866096","72.365898","","0.84%"
"08/24/2020","72.470299","73.014503","73.186050","72.218246","","-0.60%"
"08/21/2020","72.909698","72.127098","73.261452","71.851448","","1.42%"
"08/20/2020","71.887497","71.596649","72.461052","71.190697","","0.61%"
"08/19/2020","71.453598","71.329048","71.870300","71.135597","","0.36%"
"08/18/2020","71.195396","71.909203","72.185402","71.059196","","-0.80%"
"08/17/2020","71.770500","71.390701","72.174797","70.939552","","0.98%"
"08/14/2020","71.072601","71.259598","71.692146","71.005653","","-0.09%"
"08/13/2020","71.135902","71.870201","72.317352","71.104103","","-1.08%"
"08/12/2020","71.915199","71.470200","72.310150","71.260948","","1.04%"
"08/11/2020","71.173798","71.851448","71.978500","70.963547","","-0.73%"
"08/10/2020","71.695396","72.234154","72.340500","71.506104","","-0.48%"
"08/07/2020","72.042099","71.795197","72.525551","71.626350","","0.40%"
"08/06/2020","71.758202","71.517647","72.225800","71.127350","","0.50%"
"08/05/2020","71.400803","72.049652","72.168602","71.001648","","-0.50%"
"08/04/2020","71.762901","71.800903","72.542152","71.346451","","0.65%"
"08/03/2020","71.296204","72.587448","73.056053","71.511848","","-1.90%"
"07/31/2020","72.674202","71.638451","73.070602","71.583199","","1.69%"
"07/30/2020","71.464996","71.102753","72.437553","70.887604","","0.76%"
"07/29/2020","70.925697","71.033203","71.439400","70.584297","","0.01%"
"07/28/2020","70.920502","70.219002","71.354698","69.940598","","1.60%"
"07/27/2020","69.805702","70.193848","70.538300","69.910202","","0.03%"
"07/24/2020","69.787804","69.978951","70.619553","69.578300","","-0.14%"
"07/23/2020","69.884697","69.564850","70.280449","69.166054","","1.02%"
"07/22/2020","69.176399","69.129448","69.881104","68.902496","","0.63%"
"07/21/2020","68.742302","70.101151","70.299797","68.957001","","-1.46%"
"07/20/2020","69.763298","70.500053","70.694550","69.712852","","-0.81%"
"07/17/2020","70.336502","70.206352","70.667747","69.913101","","0.48%"
"07/16/2020","69.998901","69.645401","70.339249","69.321999","","0.91%"
"07/15/2020","69.365799","69.624802","69.862999","69.251053","","-0.18%"
"07/14/2020","69.492897","69.740097","69.942497","69.392151","","0.08%"
"07/13/2020","69.439102","69.483597","69.838402","69.021851","","0.35%"
"07/10/2020","69.199997","69.599998","70.150002","69.250000","","-0.14%"
"07/09/2020","69.300003","69.949997","70.150002","69.099998","","-0.29%"
"07/08/2020","69.500000","70.150002","70.500000","69.650002","","-0.57%"
"07/07/2020","69.900002","70.449997","71.050003","69.849998","","-0.43%"
"07/06/2020","70.199997","70.150002","70.949997","69.449997","","0.29%"
"07/03/2020","70.000000","69.400002","70.500000","69.000000","","1.16%"
"07/02/2020","69.199997","69.500000","69.650002","68.900002","","-0.29%"
"07/01/2020","69.400002","70.000000","70.150002","69.300003","","-0.57%"
"06/30/2020","69.800003","68.949997","70.250000","68.800003","","1.45%"
"06/29/2020","68.800003","68.599998","69.300003","68.400002","","0.58%"
"06/26/2020","68.400002","67.949997","68.849998","67.750000","","0.88%"
"06/25/2020","67.800003","68.400002","68.650002","67.750000","","-0.88%"
"06/24/2020","68.400002","67.550003","68.599998","67.449997","","1.33%"
"06/23/2020","67.500000","67.949997","68.449997","67.400002","","-0.30%"
"06/22/2020","67.699997","68.650002","68.750000","67.750000","","-0.59%"
"06/19/2020","68.099998","68.650002","69.199997","68.050003","","-0.80%"
"06/18/2020","68.650002","68.650002","69.099998","67.949997","","0.37%"
"06/17/2020","68.400002","68.650002","68.900002","68.050003","","-0.15%"
"06/16/2020","68.500000","68.699997","69.000000","68.050003","","0.29%"
"06/15/2020","68.300003","68.599998","69.500000","68.449997","","-0.29%"
"06/12/2020","68.500000","69.099998","69.500000","68.099998","","-0.72%"
"06/11/2020","69.000000","67.449997","69.250000","67.250000","","2.53%"
"06/10/2020","67.300003","67.750000","67.949997","67.099998","","-0.30%"
"06/09/2020","67.500000","67.300003","68.050003","67.050003","","0.75%"
"06/08/2020","67.000000","67.699997","67.699997","67.050003","","-0.74%"
"06/05/2020","67.500000","68.199997","68.300003","67.150002","","-0.44%"
"06/04/2020","67.800003","67.650002","68.699997","67.349998","","0.74%"
"06/03/2020","67.300003","67.699997","68.000000","67.150002","","-0.30%"
"06/02/2020","67.500000","68.050003","68.400002","67.500000","","-0.30%"
"06/01/2020","67.699997","69.199997","69.449997","67.949997","","-1.88%"
"05/29/2020","69.000000","69.500000","70.050003","69.150002","","-0.58%"
"05/28/2020","69.400002","70.050003","70.300003","69.099998","","-0.72%"
"05/27/2020","69.900002","69.849998","70.550003","69.650002","","0.29%"
"05/26/2020","69.699997","70.750000","70.849998","69.650002","","-1.27%"
"05/25/2020","70.599998","70.750000","71.000000","70.300003","","0.14%"
"05/22/2020","70.500000","70.150002","71.300003","69.949997","","1.00%"
"05/21/2020","69.800003","70.250000","70.750000","69.650002","","-0.29%"
"05/20/2020","70.000000","71.599998","71.800003","70.099998","","-2.10%"
"05/19/2020","71.500000","71.949997","72.099998","71.150002","","-0.14%"
"05/18/2020","71.599998","72.800003","72.900002","71.650002","","-0.97%"
"05/15/2020","72.300003","72.550003","73.050003","71.949997","","-0.14%"
"05/14/2020","72.400002","73.150002","73.599998","72.449997","","-0.55%"
"05/13/2020","72.800003","72.750000","73.500000","72.099998","","0.28%"
"05/12/2020","72.599998","72.699997","72.900002","71.949997","","0.14%"
"05/11/2020","72.500000","72.500000","73.050003","72.050003","","0.28%"
"05/08/2020","72.300003","73.199997","73.449997","72.150002","","-0.82%"
"05/07/2020","72.900002","73.650002","73.949997","72.599998","","-0.55%"
"05/06/2020","73.300003","72.800003","74.150002","72.400002","","1.10%"
"05/05/2020","72.500000","73.949997","74.099998","72.599998","","-1.63%"
"05/04/2020","73.699997","74.400002","75.099998","73.699997","","-0.67%"
"05/01/2020","74.199997","73.400002","74.949997","73.199997","","1.23%"
"04/30/2020","73.300003","72.050003","73.849998","71.750000","","2.37%"
"04/29/2020","71.599998","73.199997","73.449997","71.849998","","-2.05%"
"04/28/2020","73.099998","73.500000","73.949997","72.699997","","-0.54%"
"04/27/2020","73.500000","73.550003","73.949997","72.949997","","0.27%"
"04/24/2020","73.300003","73.800003","74.150002","72.949997","","0.00%"
"04/23/2020","73.300003","74.949997","75.199997","73.050003","","-2.01%"
"04/22/2020","74.800003","76.300003","76.800003","74.650002","","-1.58%"
"04/21/2020","76.000000","74.500000","76.599998","74.150002","","2.15%"
"04/20/2020","74.400002","73.099998","74.650002","73.050003","","2.06%"
"04/17/2020","72.900002","73.250000","73.550003","72.000000","","-0.14%"
"04/16/2020","73.000000","74.050003","74.349998","72.699997","","-0.95%"
"04/15/2020","73.699997","75.449997","77.750000","73.750000","","-1.99%"
"04/14/2020","75.199997","76.000000","76.050003","74.650002","","-0.92%"
"04/13/2020","75.900002","76.699997","77.250000","75.599998","","-1.04%"
"04/10/2020","76.699997","77.400002","77.699997","75.500000","","-0.65%"
"04/09/2020","77.199997","78.300003","78.550003","75.750000","","-1.15%"
"04/08/2020","78.099998","78.849998","79.050003","77.699997","","-0.51%"
"04/07/2020","78.500000","79.449997","79.550003","77.750000","","-0.51%"
"04/06/2020","78.900002","80.500000","81.250000","78.949997","","-1.25%"
"04/03/2020","79.900002","80.949997","81.349998","79.500000","","-0.87%"
"04/02/2020","80.599998","82.349998","83.000000","80.699997","","-1.95%"
"04/01/2020","82.199997","82.150002","83.000000","81.849998","","0.24%"
"03/31/2020","82.000000","83.199997","83.650002","81.250000","","-1.09%"
"03/30/2020","82.900002","82.949997","84.199997","82.599998","","0.48%"
"03/27/2020","82.500000","81.300003","83.300003","80.900002","","1.85%"
"03/26/2020","81.000000","82.199997","83.050003","80.699997","","-1.22%"
"03/25/2020","82.000000","82.250000","83.449997","80.750000","","0.00%"
"03/24/2020","82.000000","83.550003","83.599998","81.900002","","-1.32%"
"03/23/2020","83.099998","84.050003","85.500000","83.349998","","-0.72%"
"03/20/2020","83.699997","83.150002","84.300003","81.349998","","1.09%"
"03/19/2020","82.800003","85.000000","86.449997","82.449997","","-2.01%"
"03/18/2020","84.500000","79.199997","87.250000","78.550003","","6.96%"
"03/17/2020","79.000000","78.250000","79.500000","77.099998","","1.41%"
"03/16/2020","77.900002","76.199997","79.349998","75.849998","","2.50%"
"03/13/2020","76.000000","78.800003","79.099998","75.650002","","-3.18%"
"03/12/2020","78.500000","77.050003","79.599998","76.500000","","1.95%"
"03/11/2020","77.000000","75.050003","77.199997","74.250000","","3.08%"
"03/10/2020","74.699997","78.699997","79.000000","74.449997","","-4.96%"
"03/09/2020","78.599998","74.150002","79.449997","74.150002","","9.17%"
"03/06/2020","72.000000","71.050003","72.250000","70.750000","","1.69%"
"03/05/2020","70.800003","69.650002","71.349998","69.449997","","1.72%"
"03/04/2020","69.599998","69.500000","70.050003","68.849998","","0.58%"
"03/03/2020","69.199997","69.550003","70.199997","68.650002","","-0.14%"
"03/02/2020","69.300003","70.050003","70.750000","69.300003","","-0.72%"
"02/28/2020","69.800003","69.550003","71.199997","69.550003","","0.43%"
"02/27/2020","69.500000","68.750000","69.750000","68.550003","","1.46%"
"02/26/2020","68.500000","68.650002","69.050003","68.150002","","0.15%"
"02/25/2020","68.400002","68.599998","68.949997","67.849998","","-0.29%"
"02/24/2020","68.599998","67.250000","69.150002","67.250000","","2.24%"
"02/21/2020","67.099998","67.349998","67.849998","67.000000","","-0.30%"
"02/20/2020","67.300003","66.849998","67.550003","66.599998","","1.20%"
"02/19/2020","66.500000","67.150002","67.250000","66.599998","","-0.60%"
"02/18/2020","66.900002","66.650002","67.400002","66.500000","","0.60%"
"02/17/2020","66.500000","66.650002","66.849998","66.250000","","0.00%"
"02/14/2020","66.500000","66.750000","66.900002","66.400002","","-0.30%"
"02/13/2020","66.699997","66.300003","67.050003","66.199997","","0.76%"
"02/12/2020","66.199997","66.599998","66.650002","66.000000","","-0.15%"
"02/11/2020","66.300003","67.199997","67.349998","66.250000","","-1.34%"
"02/10/2020","67.199997","67.250000","67.500000","66.750000","","0.00%"
"02/07/2020","67.199997","66.349998","67.550003","66.150002","","1.36%"
"02/06/2020","66.300003","65.900002","66.599998","65.650002","","0.61%"
"02/05/2020","65.900002","66.250000","66.449997","65.500000","","0.00%"
"02/04/2020","65.900002","66.750000","66.900002","65.800003","","-1.20%"
"02/03/2020","66.699997","66.900002","67.349998","66.449997","","-0.15%"
"01/31/2020","66.800003","66.099998","67.099998","65.900002","","1.21%"
"01/30/2020","66.000000","65.400002","66.550003","65.199997","","1.54%"
"01/29/2020","65.000000","65.099998","65.900002","64.949997","","0.00%"
"01/28/2020","65.000000","65.849998","66.150002","65.000000","","-1.22%"
"01/27/2020","65.800003","65.050003","66.150002","64.900002","","1.23%"
"01/24/2020","65.000000","64.849998","65.349998","64.449997","","0.78%"
"01/23/2020","64.500000","64.849998","65.150002","64.650002","","-0.31%"
"01/22/2020","64.699997","64.849998","65.199997","64.550003","","-0.15%"
"01/21/2020","64.800003","64.449997","64.949997","64.449997","","0.62%"
"01/20/2020","64.400002","64.449997","64.750000","64.300003","","0.00%"
"01/17/2020","64.400002","64.550003","64.699997","64.250000","","-0.16%"
"01/16/2020","64.500000","64.400002","64.800003","64.150002","","0.62%"
"01/15/2020","64.099998","64.500000","64.800003","64.099998","","-0.16%"
"01/14/2020","64.199997","64.099998","64.699997","63.950001","","0.16%"
"01/13/2020","64.099998","64.150002","64.599998","63.849998","","0.31%"
"01/10/2020","63.900002","64.500000","64.699997","64.000000","","-0.47%"
"01/09/2020","64.199997","64.449997","64.650002","63.900002","","-0.31%"
"01/08/2020","64.400002","65.150002","65.349998","64.250000","","-1.08%"
"01/07/2020","65.099998","64.949997","65.449997","64.550003","","0.31%"
"01/06/2020","64.900002","65.349998","65.550003","64.949997","","-0.15%"
"01/03/2020","65.000000","64.900002","65.550003","64.750000","","0.15%"
"01/02/2020","64.900002","65.150002","65.449997","64.699997","","-0.31%"
"01/01/2020","65.099998","65.150002","65.150002","65.150002","","0.00%"